date,state,vehicle_category,electric_vehicles_sold,total_vehicles_sold
01-04-2021,Sikkim,2,0,398
01-04-2021,Sikkim,4,0,361
01-05-2021,Sikkim,2,0,113
01-05-2021,Sikkim,4,0,98
01-06-2021,Sikkim,2,0,229
01-06-2021,Sikkim,4,0,244
01-07-2021,Sikkim,2,0,458
01-07-2021,Sikkim,4,0,452
01-08-2021,Sikkim,2,0,489
01-08-2021,Sikkim,4,0,408
01-09-2021,Sikkim,2,0,540
01-09-2021,Sikkim,4,0,355
01-10-2021,Sikkim,2,0,455
01-10-2021,Sikkim,4,0,345
01-11-2021,Sikkim,2,0,478
01-11-2021,Sikkim,4,0,351
01-12-2021,Sikkim,2,0,454
01-12-2021,Sikkim,4,0,394
01-01-2022,Sikkim,2,0,400
01-01-2022,Sikkim,4,0,270
01-02-2022,Sikkim,2,0,384
01-02-2022,Sikkim,4,0,371
01-03-2022,Sikkim,2,0,460
01-03-2022,Sikkim,4,0,390
01-04-2022,Sikkim,2,0,455
01-04-2022,Sikkim,4,0,380
01-05-2022,Sikkim,2,0,461
01-05-2022,Sikkim,4,0,421
01-06-2022,Sikkim,2,0,429
01-06-2022,Sikkim,4,0,446
01-07-2022,Sikkim,2,0,409
01-07-2022,Sikkim,4,0,439
01-08-2022,Sikkim,2,0,394
01-08-2022,Sikkim,4,0,421
01-09-2022,Sikkim,2,0,443
01-09-2022,Sikkim,4,0,581
01-10-2022,Sikkim,2,0,371
01-10-2022,Sikkim,4,0,340
01-11-2022,Sikkim,2,0,431
01-11-2022,Sikkim,4,0,411
01-12-2022,Sikkim,2,0,274
01-12-2022,Sikkim,4,0,288
01-01-2023,Sikkim,2,0,470
01-01-2023,Sikkim,4,0,420
01-02-2023,Sikkim,2,0,324
01-02-2023,Sikkim,4,0,364
01-03-2023,Sikkim,2,0,454
01-03-2023,Sikkim,4,0,505
01-04-2023,Sikkim,2,0,465
01-04-2023,Sikkim,4,0,439
01-05-2023,Sikkim,2,0,507
01-05-2023,Sikkim,4,0,448
01-06-2023,Sikkim,2,0,517
01-06-2023,Sikkim,4,0,457
01-07-2023,Sikkim,2,0,423
01-07-2023,Sikkim,4,0,371
01-08-2023,Sikkim,2,0,465
01-08-2023,Sikkim,4,0,460
01-09-2023,Sikkim,2,0,546
01-09-2023,Sikkim,4,0,509
01-10-2023,Sikkim,2,0,398
01-10-2023,Sikkim,4,0,389
01-11-2023,Sikkim,2,0,470
01-11-2023,Sikkim,4,0,403
01-12-2023,Sikkim,2,0,365
01-12-2023,Sikkim,4,0,318
01-01-2024,Sikkim,2,0,509
01-01-2024,Sikkim,4,0,422
01-02-2024,Sikkim,2,0,408
01-02-2024,Sikkim,4,0,375
01-03-2024,Sikkim,2,0,399
01-03-2024,Sikkim,4,0,455
01-04-2021,Andaman & Nicobar Island,2,0,515
01-04-2021,Arunachal Pradesh,2,0,1256
01-04-2021,Arunachal Pradesh,4,0,724
01-04-2021,Assam,4,0,6576
01-04-2021,Chhattisgarh,4,0,1563
01-04-2021,DNH and DD,4,0,278
01-04-2021,Jammu and Kashmir,4,0,5107
01-04-2021,Ladakh,2,0,2
01-04-2021,Ladakh,4,0,20
01-04-2021,Manipur,4,0,808
01-04-2021,Meghalaya,2,0,1189
01-04-2021,Mizoram,2,0,1507
01-04-2021,Mizoram,4,0,281
01-04-2021,Nagaland,2,0,561
01-04-2021,Nagaland,4,0,747
01-04-2021,Puducherry,4,0,655
01-04-2021,Tripura,2,0,2906
01-04-2021,Tripura,4,0,289
01-05-2021,Andaman & Nicobar Island,2,0,4
01-05-2021,Andaman & Nicobar Island,4,0,1
01-05-2021,Arunachal Pradesh,2,0,552
01-05-2021,Arunachal Pradesh,4,0,302
01-05-2021,Assam,2,0,14723
01-05-2021,Assam,4,0,3295
01-05-2021,Bihar,4,0,2249
01-05-2021,Chandigarh,2,0,411
01-05-2021,Chhattisgarh,4,0,1387
01-05-2021,DNH and DD,2,0,452
01-05-2021,DNH and DD,4,0,202
01-05-2021,Delhi,2,0,22
01-05-2021,Delhi,4,0,21
01-05-2021,Jammu and Kashmir,4,0,2372
01-05-2021,Ladakh,2,0,11
01-05-2021,Ladakh,4,0,70
01-05-2021,Madhya Pradesh,4,0,195
01-05-2021,Manipur,2,0,288
01-05-2021,Manipur,4,0,9
01-05-2021,Meghalaya,2,0,332
01-05-2021,Mizoram,2,0,15
01-05-2021,Mizoram,4,0,4
01-05-2021,Nagaland,2,0,125
01-05-2021,Nagaland,4,0,126
01-05-2021,Odisha,4,0,722
01-05-2021,Punjab,4,0,5202
01-05-2021,Tripura,2,0,2063
01-05-2021,Tripura,4,0,192
01-05-2021,Uttarakhand,4,0,1145
01-06-2021,Andaman & Nicobar Island,2,0,2
01-06-2021,Arunachal Pradesh,2,0,727
01-06-2021,Arunachal Pradesh,4,0,565
01-06-2021,Ladakh,2,0,3
01-06-2021,Ladakh,4,0,112
01-06-2021,Manipur,2,0,89
01-06-2021,Manipur,4,0,18
01-06-2021,Meghalaya,2,0,354
01-06-2021,Meghalaya,4,0,246
01-06-2021,Mizoram,2,0,648
01-06-2021,Mizoram,4,0,298
01-06-2021,Nagaland,2,0,42
01-06-2021,Nagaland,4,0,54
01-06-2021,Puducherry,4,0,445
01-06-2021,Tripura,4,0,185
01-07-2021,Andaman & Nicobar Island,2,0,467
01-07-2021,Arunachal Pradesh,2,0,994
01-07-2021,Arunachal Pradesh,4,0,661
01-07-2021,Assam,4,0,4988
01-07-2021,DNH and DD,4,0,276
01-07-2021,Ladakh,2,0,51
01-07-2021,Ladakh,4,0,552
01-07-2021,Manipur,2,0,474
01-07-2021,Manipur,4,0,68
01-07-2021,Meghalaya,2,0,726
01-07-2021,Mizoram,2,0,1096
01-07-2021,Mizoram,4,0,219
01-07-2021,Nagaland,2,0,583
01-07-2021,Nagaland,4,0,1039
01-07-2021,Puducherry,4,0,866
01-07-2021,Tripura,2,0,2211
01-07-2021,Tripura,4,0,352
01-08-2021,Andaman & Nicobar Island,2,0,406
01-08-2021,Arunachal Pradesh,2,0,1126
01-08-2021,Arunachal Pradesh,4,0,758
01-08-2021,DNH and DD,4,0,321
01-08-2021,Himachal Pradesh,4,0,3641
01-08-2021,Jammu and Kashmir,4,0,5430
01-08-2021,Ladakh,2,0,30
01-08-2021,Ladakh,4,0,459
01-08-2021,Manipur,2,0,1016
01-08-2021,Manipur,4,0,561
01-08-2021,Meghalaya,2,0,1041
01-08-2021,Meghalaya,4,0,826
01-08-2021,Mizoram,2,0,1057
01-08-2021,Mizoram,4,0,240
01-08-2021,Nagaland,2,0,577
01-08-2021,Nagaland,4,0,763
01-08-2021,Tripura,2,0,2462
01-08-2021,Tripura,4,0,462
01-09-2021,Andaman & Nicobar Island,2,0,329
01-09-2021,Andaman & Nicobar Island,4,0,87
01-09-2021,Arunachal Pradesh,2,0,1260
01-09-2021,Arunachal Pradesh,4,0,637
01-09-2021,Assam,4,0,6036
01-09-2021,DNH and DD,4,0,348
01-09-2021,Ladakh,2,0,26
01-09-2021,Ladakh,4,0,444
01-09-2021,Manipur,2,0,3492
01-09-2021,Manipur,4,0,1202
01-09-2021,Meghalaya,2,0,1396
01-09-2021,Meghalaya,4,0,905
01-09-2021,Mizoram,2,0,1465
01-09-2021,Mizoram,4,0,264
01-09-2021,Nagaland,4,0,681
01-09-2021,Tripura,2,0,2736
01-09-2021,Tripura,4,0,403
01-10-2021,Andaman & Nicobar Island,2,0,360
01-10-2021,Arunachal Pradesh,2,0,1109
01-10-2021,Arunachal Pradesh,4,0,570
01-10-2021,Assam,4,0,5877
01-10-2021,Ladakh,4,0,289
01-10-2021,Manipur,4,0,916
01-10-2021,Meghalaya,2,0,1414
01-10-2021,Meghalaya,4,0,722
01-10-2021,Mizoram,2,0,1886
01-10-2021,Mizoram,4,0,283
01-10-2021,Nagaland,2,0,650
01-10-2021,Nagaland,4,0,567
01-10-2021,Puducherry,4,0,609
01-10-2021,Tripura,2,0,3015
01-10-2021,Tripura,4,0,366
01-11-2021,Andaman & Nicobar Island,2,0,413
01-11-2021,Andaman & Nicobar Island,4,0,125
01-11-2021,Arunachal Pradesh,2,0,1262
01-11-2021,Arunachal Pradesh,4,0,646
01-11-2021,Assam,4,0,5618
01-11-2021,DNH and DD,4,0,330
01-11-2021,Himachal Pradesh,4,0,4496
01-11-2021,Jammu and Kashmir,4,0,4709
01-11-2021,Ladakh,2,0,28
01-11-2021,Ladakh,4,0,287
01-11-2021,Manipur,4,0,875
01-11-2021,Meghalaya,2,0,1442
01-11-2021,Meghalaya,4,0,806
01-11-2021,Mizoram,2,0,1820
01-11-2021,Mizoram,4,0,328
01-11-2021,Nagaland,2,0,592
01-11-2021,Nagaland,4,0,692
01-11-2021,Tripura,2,0,3843
01-11-2021,Tripura,4,0,326
01-12-2021,Andaman & Nicobar Island,2,0,376
01-12-2021,Arunachal Pradesh,2,0,1036
01-12-2021,Arunachal Pradesh,4,0,709
01-12-2021,Jammu and Kashmir,4,0,5306
01-12-2021,Ladakh,2,0,15
01-12-2021,Ladakh,4,0,167
01-12-2021,Manipur,4,0,849
01-12-2021,Meghalaya,2,0,1101
01-12-2021,Meghalaya,4,0,888
01-12-2021,Mizoram,2,0,1740
01-12-2021,Mizoram,4,0,376
01-12-2021,Nagaland,2,0,353
01-12-2021,Nagaland,4,0,540
01-12-2021,Tripura,4,0,352
01-01-2022,Andaman & Nicobar Island,2,0,336
01-01-2022,Andaman & Nicobar Island,4,0,90
01-01-2022,Arunachal Pradesh,2,0,950
01-01-2022,Arunachal Pradesh,4,0,766
01-01-2022,Assam,4,0,5550
01-01-2022,DNH and DD,4,0,358
01-01-2022,Jammu and Kashmir,4,0,3963
01-01-2022,Ladakh,4,0,150
01-01-2022,Manipur,4,0,687
01-01-2022,Meghalaya,2,0,1112
01-01-2022,Meghalaya,4,0,1063
01-01-2022,Mizoram,2,0,1387
01-01-2022,Mizoram,4,0,311
01-01-2022,Nagaland,2,0,410
01-01-2022,Nagaland,4,0,722
01-01-2022,Puducherry,4,0,758
01-01-2022,Tripura,4,0,394
01-02-2022,Andaman & Nicobar Island,2,0,388
01-02-2022,Andaman & Nicobar Island,4,0,112
01-02-2022,Arunachal Pradesh,2,0,858
01-02-2022,Arunachal Pradesh,4,0,671
01-02-2022,Ladakh,2,0,15
01-02-2022,Ladakh,4,0,44
01-02-2022,Manipur,4,0,834
01-02-2022,Meghalaya,2,0,1145
01-02-2022,Mizoram,2,0,1599
01-02-2022,Mizoram,4,0,354
01-02-2022,Nagaland,2,0,504
01-02-2022,Nagaland,4,0,773
01-02-2022,Puducherry,4,0,622
01-02-2022,Tripura,4,0,340
01-03-2022,Andaman & Nicobar Island,2,0,383
01-03-2022,Arunachal Pradesh,2,0,1111
01-03-2022,Arunachal Pradesh,4,0,679
01-03-2022,Ladakh,2,0,49
01-03-2022,Ladakh,4,0,49
01-03-2022,Manipur,4,0,717
01-03-2022,Meghalaya,2,0,1687
01-03-2022,Meghalaya,4,0,1104
01-03-2022,Mizoram,2,0,1848
01-03-2022,Mizoram,4,0,413
01-03-2022,Nagaland,2,0,541
01-03-2022,Nagaland,4,0,632
01-03-2022,Tripura,4,0,484
01-04-2022,Andaman & Nicobar Island,2,0,407
01-04-2022,Arunachal Pradesh,2,0,1063
01-04-2022,Arunachal Pradesh,4,0,824
01-04-2022,Ladakh,2,0,351
01-04-2022,Ladakh,4,0,105
01-04-2022,Mizoram,2,0,1530
01-04-2022,Mizoram,4,0,323
01-04-2022,Nagaland,4,0,723
01-04-2022,Tripura,4,0,448
01-05-2022,Andaman & Nicobar Island,2,0,358
01-05-2022,Andaman & Nicobar Island,4,0,110
01-05-2022,Arunachal Pradesh,2,0,1241
01-05-2022,Arunachal Pradesh,4,0,965
01-05-2022,Ladakh,2,0,419
01-05-2022,Ladakh,4,0,322
01-05-2022,Manipur,4,0,644
01-05-2022,Meghalaya,2,0,1780
01-05-2022,Mizoram,4,0,397
01-05-2022,Nagaland,4,0,630
01-05-2022,Tripura,4,0,359
01-06-2022,Andaman & Nicobar Island,2,0,423
01-06-2022,Andaman & Nicobar Island,4,0,115
01-06-2022,Arunachal Pradesh,2,0,1253
01-06-2022,Arunachal Pradesh,4,0,1021
01-06-2022,Ladakh,4,0,310
01-06-2022,Manipur,4,0,1029
01-06-2022,Mizoram,4,0,373
01-06-2022,Nagaland,2,0,594
01-06-2022,Nagaland,4,0,735
01-06-2022,Tripura,4,0,354
01-07-2022,Andaman & Nicobar Island,2,0,385
01-07-2022,Andaman & Nicobar Island,4,0,127
01-07-2022,Arunachal Pradesh,2,0,1181
01-07-2022,DNH and DD,4,0,344
01-07-2022,Ladakh,2,0,314
01-07-2022,Manipur,4,0,775
01-07-2022,Mizoram,4,0,319
01-07-2022,Nagaland,2,0,505
01-07-2022,Nagaland,4,0,591
01-07-2022,Tripura,4,0,402
01-08-2022,Andaman & Nicobar Island,2,0,398
01-08-2022,Andaman & Nicobar Island,4,0,154
01-08-2022,Arunachal Pradesh,2,0,1244
01-08-2022,Arunachal Pradesh,4,0,866
01-08-2022,Ladakh,2,0,222
01-08-2022,Manipur,4,0,623
01-08-2022,Meghalaya,4,0,1120
01-08-2022,Mizoram,4,0,408
01-08-2022,Nagaland,2,0,554
01-08-2022,Nagaland,4,0,844
01-08-2022,Tripura,4,0,403
01-09-2022,Andaman & Nicobar Island,2,0,484
01-09-2022,Andaman & Nicobar Island,4,0,128
01-09-2022,Arunachal Pradesh,2,0,1068
01-09-2022,Arunachal Pradesh,4,0,931
01-09-2022,Ladakh,2,0,30
01-09-2022,Ladakh,4,0,189
01-09-2022,Manipur,4,0,820
01-09-2022,Mizoram,4,0,379
01-09-2022,Nagaland,2,0,589
01-09-2022,Nagaland,4,0,780
01-09-2022,Tripura,4,0,465
01-10-2022,Andaman & Nicobar Island,2,0,409
01-10-2022,Andaman & Nicobar Island,4,0,144
01-10-2022,Arunachal Pradesh,2,0,850
01-10-2022,Arunachal Pradesh,4,0,741
01-10-2022,Ladakh,2,0,27
01-10-2022,Ladakh,4,0,264
01-10-2022,Manipur,4,0,596
01-10-2022,Mizoram,4,0,362
01-10-2022,Nagaland,2,0,374
01-10-2022,Nagaland,4,0,690
01-10-2022,Tripura,4,0,416
01-11-2022,Arunachal Pradesh,2,0,1251
01-11-2022,Arunachal Pradesh,4,0,971
01-11-2022,Jammu and Kashmir,4,0,4102
01-11-2022,Ladakh,2,0,23
01-11-2022,Ladakh,4,0,244
01-11-2022,Manipur,4,0,1569
01-11-2022,Meghalaya,4,0,1158
01-11-2022,Mizoram,4,0,378
01-11-2022,Nagaland,2,0,447
01-11-2022,Nagaland,4,0,724
01-11-2022,Punjab,4,0,8875
01-11-2022,Tripura,4,0,410
01-12-2022,Arunachal Pradesh,4,0,865
01-12-2022,Ladakh,2,0,16
01-12-2022,Ladakh,4,0,144
01-12-2022,Manipur,4,0,1478
01-12-2022,Meghalaya,4,0,1150
01-12-2022,Mizoram,4,0,445
01-12-2022,Nagaland,2,0,369
01-12-2022,Nagaland,4,0,490
01-12-2022,Tripura,4,0,385
01-01-2023,Andaman & Nicobar Island,2,0,373
01-01-2023,Andaman & Nicobar Island,4,0,153
01-01-2023,Arunachal Pradesh,2,0,718
01-01-2023,Arunachal Pradesh,4,0,966
01-01-2023,Ladakh,4,0,92
01-01-2023,Mizoram,4,0,476
01-01-2023,Nagaland,2,0,432
01-01-2023,Nagaland,4,0,545
01-01-2023,Punjab,4,0,11608
01-01-2023,Tripura,4,0,399
01-02-2023,Andaman & Nicobar Island,2,0,346
01-02-2023,Andaman & Nicobar Island,4,0,148
01-02-2023,Arunachal Pradesh,2,0,816
01-02-2023,Arunachal Pradesh,4,0,840
01-02-2023,Ladakh,2,0,5
01-02-2023,Ladakh,4,0,49
01-02-2023,Meghalaya,4,0,1002
01-02-2023,Mizoram,4,0,337
01-02-2023,Nagaland,2,0,375
01-02-2023,Nagaland,4,0,806
01-02-2023,Tripura,4,0,328
01-03-2023,Arunachal Pradesh,2,0,1131
01-03-2023,Arunachal Pradesh,4,0,1048
01-03-2023,Ladakh,2,0,30
01-03-2023,Ladakh,4,0,59
01-03-2023,Manipur,4,0,320
01-03-2023,Meghalaya,4,0,1369
01-03-2023,Mizoram,4,0,433
01-03-2023,Nagaland,2,0,693
01-03-2023,Nagaland,4,0,820
01-04-2023,Andaman & Nicobar Island,2,0,325
01-04-2023,Arunachal Pradesh,2,0,971
01-04-2023,Ladakh,2,0,43
01-04-2023,Ladakh,4,0,219
01-04-2023,Manipur,4,0,942
01-04-2023,Mizoram,4,0,336
01-04-2023,Nagaland,2,0,560
01-05-2023,Andaman & Nicobar Island,2,0,436
01-05-2023,Andaman & Nicobar Island,4,0,150
01-05-2023,Arunachal Pradesh,4,0,1132
01-05-2023,Ladakh,4,0,364
01-05-2023,Mizoram,4,0,382
01-05-2023,Nagaland,2,0,610
01-05-2023,Nagaland,4,0,796
01-06-2023,Andaman & Nicobar Island,2,0,373
01-06-2023,Arunachal Pradesh,2,0,1141
01-06-2023,Arunachal Pradesh,4,0,1089
01-06-2023,Ladakh,4,0,304
01-06-2023,Manipur,4,0,220
01-06-2023,Mizoram,4,0,383
01-06-2023,Nagaland,2,0,650
01-06-2023,Nagaland,4,0,620
01-07-2023,Andaman & Nicobar Island,2,0,424
01-07-2023,Arunachal Pradesh,2,0,1315
01-07-2023,Ladakh,4,0,301
01-07-2023,Mizoram,4,0,439
01-08-2023,Andaman & Nicobar Island,2,0,477
01-08-2023,Arunachal Pradesh,2,0,1292
01-08-2023,Ladakh,2,0,63
01-08-2023,Ladakh,4,0,278
01-08-2023,Mizoram,4,0,410
01-08-2023,Nagaland,2,0,592
01-08-2023,Nagaland,4,0,760
01-09-2023,Andaman & Nicobar Island,2,0,379
01-09-2023,Arunachal Pradesh,2,0,1274
01-09-2023,Ladakh,2,0,40
01-09-2023,Ladakh,4,0,211
01-09-2023,Manipur,2,0,426
01-09-2023,Manipur,4,0,239
01-09-2023,Mizoram,4,0,415
01-09-2023,Nagaland,4,0,654
01-10-2023,Arunachal Pradesh,2,0,1281
01-10-2023,Ladakh,2,0,33
01-10-2023,Ladakh,4,0,187
01-10-2023,Mizoram,4,0,453
01-10-2023,Nagaland,2,0,471
01-10-2023,Nagaland,4,0,743
01-11-2023,Arunachal Pradesh,2,0,1458
01-11-2023,Ladakh,2,0,39
01-11-2023,Ladakh,4,0,166
01-11-2023,Mizoram,4,0,531
01-12-2023,Ladakh,2,0,7
01-12-2023,Ladakh,4,0,144
01-12-2023,Mizoram,4,0,568
01-12-2023,Nagaland,2,0,421
01-12-2023,Nagaland,4,0,562
01-01-2024,Arunachal Pradesh,2,0,995
01-01-2024,Nagaland,2,0,505
01-01-2024,Ladakh,4,0,141
01-01-2024,Andaman & Nicobar,4,0,177
01-01-2024,Nagaland,4,0,877
01-02-2024,Arunachal Pradesh,2,0,1117
01-02-2024,Nagaland,2,0,763
01-02-2024,Ladakh,2,0,4
01-02-2024,Mizoram,4,0,494
01-02-2024,Ladakh,4,0,47
01-03-2024,Arunachal Pradesh,2,0,1259
01-03-2024,Ladakh,2,0,11
01-03-2024,Mizoram,4,0,463
01-03-2024,Nagaland,4,0,1336
01-03-2024,Ladakh,4,0,81
01-04-2021,DNH and DD,2,1,657
01-04-2021,Himachal Pradesh,4,1,3544
01-04-2021,Meghalaya,4,1,930
01-05-2021,Chandigarh,4,1,413
01-05-2021,Haryana,4,1,4373
01-05-2021,Himachal Pradesh,4,1,1503
01-05-2021,Jharkhand,4,1,2290
01-05-2021,Madhya Pradesh,2,1,6302
01-05-2021,Meghalaya,4,1,88
01-06-2021,Assam,4,1,3842
01-06-2021,DNH and DD,4,1,234
01-06-2021,Himachal Pradesh,4,1,3193
01-06-2021,Jammu and Kashmir,4,1,4469
01-06-2021,Tripura,2,1,1523
01-07-2021,Jammu and Kashmir,4,1,5336
01-07-2021,Meghalaya,4,1,759
01-08-2021,Andaman & Nicobar Island,4,1,110
01-08-2021,Puducherry,4,1,837
01-09-2021,DNH and DD,2,1,666
01-09-2021,Himachal Pradesh,4,1,3379
01-09-2021,Jammu and Kashmir,4,1,3773
01-09-2021,Nagaland,2,1,578
01-10-2021,Andaman & Nicobar Island,4,1,70
01-10-2021,DNH and DD,2,1,628
01-10-2021,DNH and DD,4,1,333
01-10-2021,Himachal Pradesh,4,1,3201
01-11-2021,DNH and DD,2,1,938
01-11-2021,Puducherry,4,1,532
01-12-2021,Andaman & Nicobar Island,4,1,122
01-12-2021,DNH and DD,4,1,336
01-12-2021,Himachal Pradesh,4,1,4105
01-12-2021,Tripura,2,1,3579
01-02-2022,DNH and DD,4,1,354
01-02-2022,Meghalaya,4,1,917
01-03-2022,DNH and DD,4,1,355
01-04-2022,Andaman & Nicobar Island,4,1,147
01-04-2022,DNH and DD,4,1,431
01-04-2022,Manipur,2,1,1246
01-04-2022,Manipur,4,1,813
01-04-2022,Meghalaya,4,1,860
01-05-2022,DNH and DD,4,1,374
01-05-2022,Mizoram,2,1,1638
01-05-2022,Nagaland,2,1,514
01-06-2022,DNH and DD,2,1,767
01-06-2022,Meghalaya,4,1,1087
01-07-2022,Arunachal Pradesh,4,1,947
01-07-2022,Ladakh,4,1,285
01-07-2022,Mizoram,2,1,1427
01-08-2022,DNH and DD,4,1,303
01-09-2022,DNH and DD,4,1,390
01-09-2022,Manipur,2,1,2473
01-09-2022,Meghalaya,2,1,1719
01-10-2022,Meghalaya,4,1,1188
01-11-2022,Andaman & Nicobar Island,4,1,159
01-12-2022,Arunachal Pradesh,2,1,925
01-12-2022,Meghalaya,2,1,1180
01-12-2022,Punjab,4,1,13085
01-01-2023,DNH and DD,4,1,360
01-01-2023,Ladakh,2,1,20
01-01-2023,Meghalaya,4,1,1271
01-03-2023,Andaman & Nicobar Island,2,1,373
01-03-2023,Andaman & Nicobar Island,4,1,162
01-03-2023,Meghalaya,2,1,1907
01-04-2023,Andaman & Nicobar Island,4,1,122
01-04-2023,Arunachal Pradesh,4,1,892
01-04-2023,DNH and DD,4,1,407
01-04-2023,Nagaland,4,1,687
01-04-2023,Tripura,4,1,299
01-05-2023,Arunachal Pradesh,2,1,1193
01-06-2023,Andaman & Nicobar Island,4,1,136
01-06-2023,DNH and DD,4,1,370
01-06-2023,Meghalaya,2,1,1969
01-07-2023,Ladakh,2,1,117
01-07-2023,Nagaland,2,1,599
01-07-2023,Nagaland,4,1,739
01-08-2023,DNH and DD,4,1,357
01-09-2023,Andaman & Nicobar Island,4,1,148
01-09-2023,Nagaland,2,1,531
01-10-2023,Andaman & Nicobar Island,2,1,404
01-10-2023,Andaman & Nicobar Island,4,1,191
01-10-2023,Meghalaya,2,1,1776
01-10-2023,Meghalaya,4,1,1354
01-11-2023,Andaman & Nicobar Island,4,1,170
01-11-2023,Nagaland,2,1,634
01-11-2023,Nagaland,4,1,860
01-12-2023,Meghalaya,2,1,1518
01-12-2023,Meghalaya,4,1,1060
01-01-2024,Mizoram,4,1,513
01-01-2024,Meghalaya,4,1,1429
01-02-2024,Andaman & Nicobar Island,4,1,181
01-02-2024,Nagaland,4,1,822
01-03-2024,Andaman & Nicobar Island,4,1,158
01-03-2024,Arunachal Pradesh,4,1,1081
01-04-2021,Andaman & Nicobar Island,4,9,168
01-04-2021,Andhra Pradesh,4,26,7837
01-04-2021,Bihar,4,4,5731
01-04-2021,Chandigarh,4,2,1426
01-04-2021,Delhi,4,61,8076
01-04-2021,Goa,4,8,1442
01-04-2021,Gujarat,4,44,17386
01-04-2021,Haryana,4,3,15476
01-04-2021,Jharkhand,4,3,3425
01-04-2021,Karnataka,4,90,16864
01-04-2021,Kerala,4,132,23660
01-04-2021,Madhya Pradesh,4,2,5356
01-04-2021,Maharashtra,4,96,16829
01-04-2021,Odisha,4,5,5101
01-04-2021,Punjab,4,4,8955
01-04-2021,Rajasthan,4,22,10647
01-04-2021,Tamil Nadu,4,75,18826
01-04-2021,Uttar Pradesh,4,4,23056
01-04-2021,Uttarakhand,4,10,2728
01-04-2021,West Bengal,4,24,7640
01-05-2021,Andhra Pradesh,4,16,5831
01-05-2021,Goa,4,4,393
01-05-2021,Gujarat,4,29,15959
01-05-2021,Karnataka,4,2,646
01-05-2021,Kerala,4,48,5164
01-05-2021,Maharashtra,4,121,13528
01-05-2021,Puducherry,4,2,119
01-05-2021,Rajasthan,4,7,2756
01-05-2021,Tamil Nadu,4,14,3413
01-05-2021,Uttar Pradesh,4,3,14016
01-05-2021,West Bengal,4,6,3962
01-06-2021,Andhra Pradesh,4,39,6098
01-06-2021,Bihar,4,4,5692
01-06-2021,Chandigarh,4,12,2050
01-06-2021,Chhattisgarh,4,5,4526
01-06-2021,Delhi,4,148,12914
01-06-2021,Goa,4,14,749
01-06-2021,Gujarat,4,61,19359
01-06-2021,Haryana,4,4,13420
01-06-2021,Jharkhand,4,4,4405
01-06-2021,Karnataka,4,71,8030
01-06-2021,Kerala,4,140,10018
01-06-2021,Madhya Pradesh,4,13,12092
01-06-2021,Maharashtra,4,190,24817
01-06-2021,Odisha,4,2,3041
01-06-2021,Punjab,4,3,7126
01-06-2021,Rajasthan,4,34,12070
01-06-2021,Tamil Nadu,4,42,7793
01-06-2021,Uttar Pradesh,4,3,25704
01-06-2021,Uttarakhand,4,7,2972
01-06-2021,West Bengal,4,18,6316
01-07-2021,Andaman & Nicobar Island,4,8,176
01-07-2021,Andhra Pradesh,4,36,7877
01-07-2021,Bihar,4,5,5438
01-07-2021,Chandigarh,4,9,1916
01-07-2021,Chhattisgarh,4,12,4916
01-07-2021,Delhi,4,131,15033
01-07-2021,Goa,4,10,982
01-07-2021,Gujarat,4,53,23792
01-07-2021,Haryana,4,6,14524
01-07-2021,Himachal Pradesh,4,2,3811
01-07-2021,Jharkhand,4,4,5020
01-07-2021,Karnataka,4,196,21640
01-07-2021,Kerala,4,139,18406
01-07-2021,Madhya Pradesh,4,17,14581
01-07-2021,Maharashtra,4,286,38063
01-07-2021,Odisha,4,3,5552
01-07-2021,Punjab,4,3,9328
01-07-2021,Rajasthan,4,52,14374
01-07-2021,Tamil Nadu,4,88,20857
01-07-2021,Uttar Pradesh,4,8,27999
01-07-2021,Uttarakhand,4,11,4182
01-07-2021,West Bengal,4,37,8919
01-08-2021,Andhra Pradesh,4,78,8245
01-08-2021,Assam,4,2,6447
01-08-2021,Bihar,4,7,5724
01-08-2021,Chandigarh,4,9,1845
01-08-2021,Chhattisgarh,4,11,4350
01-08-2021,Delhi,4,157,13177
01-08-2021,Goa,4,19,1439
01-08-2021,Gujarat,4,83,20394
01-08-2021,Haryana,4,3,16027
01-08-2021,Jharkhand,4,3,5113
01-08-2021,Karnataka,4,137,21975
01-08-2021,Kerala,4,183,22813
01-08-2021,Madhya Pradesh,4,26,12758
01-08-2021,Maharashtra,4,197,35127
01-08-2021,Odisha,4,4,5453
01-08-2021,Punjab,4,4,9209
01-08-2021,Rajasthan,4,53,11454
01-08-2021,Tamil Nadu,4,88,20865
01-08-2021,Uttar Pradesh,4,3,24012
01-08-2021,Uttarakhand,4,6,3760
01-08-2021,West Bengal,4,28,9198
01-09-2021,Andhra Pradesh,4,39,7952
01-09-2021,Bihar,4,4,4339
01-09-2021,Chandigarh,4,20,1607
01-09-2021,Chhattisgarh,4,12,3650
01-09-2021,Delhi,4,265,9181
01-09-2021,Goa,4,34,1277
01-09-2021,Gujarat,4,131,24797
01-09-2021,Haryana,4,7,14879
01-09-2021,Jharkhand,4,12,3892
01-09-2021,Karnataka,4,227,21407
01-09-2021,Kerala,4,164,22063
01-09-2021,Madhya Pradesh,4,23,11756
01-09-2021,Maharashtra,4,148,27900
01-09-2021,Odisha,4,2,4865
01-09-2021,Puducherry,4,2,640
01-09-2021,Punjab,4,3,7521
01-09-2021,Rajasthan,4,69,11035
01-09-2021,Tamil Nadu,4,107,18823
01-09-2021,Uttar Pradesh,4,4,23510
01-09-2021,Uttarakhand,4,10,3171
01-09-2021,West Bengal,4,34,9437
01-10-2021,Andhra Pradesh,4,37,7366
01-10-2021,Bihar,4,7,5838
01-10-2021,Chandigarh,4,12,1816
01-10-2021,Chhattisgarh,4,11,5255
01-10-2021,Delhi,4,253,12876
01-10-2021,Goa,4,28,1165
01-10-2021,Gujarat,4,104,23184
01-10-2021,Haryana,4,8,11634
01-10-2021,Jammu and Kashmir,4,2,4205
01-10-2021,Jharkhand,4,5,4806
01-10-2021,Karnataka,4,163,18505
01-10-2021,Kerala,4,158,14562
01-10-2021,Madhya Pradesh,4,20,9554
01-10-2021,Maharashtra,4,298,33771
01-10-2021,Odisha,4,2,5830
01-10-2021,Punjab,4,5,8523
01-10-2021,Rajasthan,4,86,12823
01-10-2021,Tamil Nadu,4,119,14796
01-10-2021,Uttar Pradesh,4,10,23095
01-10-2021,Uttarakhand,4,13,3523
01-10-2021,West Bengal,4,33,7120
01-11-2021,Andhra Pradesh,4,34,7374
01-11-2021,Bihar,4,11,6992
01-11-2021,Chandigarh,4,16,1919
01-11-2021,Chhattisgarh,4,14,4824
01-11-2021,Delhi,4,185,11782
01-11-2021,Goa,4,20,1293
01-11-2021,Gujarat,4,121,22396
01-11-2021,Haryana,4,13,16035
01-11-2021,Jharkhand,4,8,5320
01-11-2021,Karnataka,4,153,17247
01-11-2021,Kerala,4,214,15244
01-11-2021,Madhya Pradesh,4,31,12871
01-11-2021,Maharashtra,4,515,28322
01-11-2021,Odisha,4,18,5095
01-11-2021,Punjab,4,3,9015
01-11-2021,Rajasthan,4,79,16115
01-11-2021,Tamil Nadu,4,108,15533
01-11-2021,Uttar Pradesh,4,10,29608
01-11-2021,Uttarakhand,4,12,3954
01-11-2021,West Bengal,4,59,8836
01-12-2021,Andhra Pradesh,4,31,6314
01-12-2021,Assam,4,3,6737
01-12-2021,Bihar,4,7,5031
01-12-2021,Chandigarh,4,12,1985
01-12-2021,Chhattisgarh,4,5,3651
01-12-2021,Delhi,4,277,12633
01-12-2021,Goa,4,19,1306
01-12-2021,Gujarat,4,163,24277
01-12-2021,Haryana,4,11,16015
01-12-2021,Jharkhand,4,3,4258
01-12-2021,Karnataka,4,153,16243
01-12-2021,Kerala,4,186,16994
01-12-2021,Madhya Pradesh,4,30,11820
01-12-2021,Maharashtra,4,1392,29346
01-12-2021,Odisha,4,20,4634
01-12-2021,Puducherry,4,2,608
01-12-2021,Punjab,4,6,10624
01-12-2021,Rajasthan,4,73,12739
01-12-2021,Tamil Nadu,4,121,17001
01-12-2021,Uttar Pradesh,4,21,33774
01-12-2021,Uttarakhand,4,38,4270
01-12-2021,West Bengal,4,39,8452
01-01-2022,Andhra Pradesh,4,29,8418
01-01-2022,Bihar,4,10,5538
01-01-2022,Chandigarh,4,7,1519
01-01-2022,Chhattisgarh,4,11,4667
01-01-2022,Delhi,4,282,13659
01-01-2022,Goa,4,26,1185
01-01-2022,Gujarat,4,97,21963
01-01-2022,Haryana,4,26,17633
01-01-2022,Himachal Pradesh,4,3,3090
01-01-2022,Jharkhand,4,5,4345
01-01-2022,Karnataka,4,209,21967
01-01-2022,Kerala,4,212,17441
01-01-2022,Madhya Pradesh,4,25,11325
01-01-2022,Maharashtra,4,263,35772
01-01-2022,Odisha,4,27,5876
01-01-2022,Punjab,4,7,9792
01-01-2022,Rajasthan,4,92,13658
01-01-2022,Tamil Nadu,4,121,20494
01-01-2022,Uttar Pradesh,4,14,32561
01-01-2022,Uttarakhand,4,30,4241
01-01-2022,West Bengal,4,54,7968
01-02-2022,Andhra Pradesh,4,43,6361
01-02-2022,Assam,4,3,6152
01-02-2022,Bihar,4,8,5658
01-02-2022,Chandigarh,4,11,1941
01-02-2022,Chhattisgarh,4,20,3922
01-02-2022,Delhi,4,298,12608
01-02-2022,Goa,4,62,1160
01-02-2022,Gujarat,4,128,24012
01-02-2022,Haryana,4,28,16353
01-02-2022,Himachal Pradesh,4,5,3616
01-02-2022,Jammu and Kashmir,4,7,4679
01-02-2022,Jharkhand,4,4,4335
01-02-2022,Karnataka,4,202,17561
01-02-2022,Kerala,4,327,14575
01-02-2022,Madhya Pradesh,4,22,11274
01-02-2022,Maharashtra,4,905,31805
01-02-2022,Odisha,4,27,5023
01-02-2022,Punjab,4,5,9464
01-02-2022,Rajasthan,4,116,14811
01-02-2022,Tamil Nadu,4,135,16711
01-02-2022,Uttar Pradesh,4,22,28479
01-02-2022,Uttarakhand,4,24,3820
01-02-2022,West Bengal,4,45,7395
01-03-2022,Andaman & Nicobar Island,4,2,108
01-03-2022,Andhra Pradesh,4,55,7288
01-03-2022,Assam,4,2,7281
01-03-2022,Bihar,4,12,6694
01-03-2022,Chandigarh,4,14,2279
01-03-2022,Chhattisgarh,4,19,4200
01-03-2022,Delhi,4,220,13385
01-03-2022,Goa,4,91,1474
01-03-2022,Gujarat,4,249,26077
01-03-2022,Haryana,4,13,18621
01-03-2022,Himachal Pradesh,4,3,3371
01-03-2022,Jammu and Kashmir,4,4,4854
01-03-2022,Jharkhand,4,5,5062
01-03-2022,Karnataka,4,230,22167
01-03-2022,Kerala,4,331,16628
01-03-2022,Madhya Pradesh,4,35,11616
01-03-2022,Maharashtra,4,2060,39762
01-03-2022,Odisha,4,31,6098
01-03-2022,Puducherry,4,3,817
01-03-2022,Punjab,4,4,10836
01-03-2022,Rajasthan,4,89,13751
01-03-2022,Tamil Nadu,4,168,20604
01-03-2022,Uttar Pradesh,4,18,29324
01-03-2022,Uttarakhand,4,20,4026
01-03-2022,West Bengal,4,41,8539
01-04-2022,Andhra Pradesh,4,54,7195
01-04-2022,Assam,4,2,6354
01-04-2022,Bihar,4,8,5981
01-04-2022,Chandigarh,4,12,2167
01-04-2022,Chhattisgarh,4,20,4861
01-04-2022,Delhi,4,566,15811
01-04-2022,Goa,4,31,1390
01-04-2022,Gujarat,4,171,26534
01-04-2022,Haryana,4,11,16721
01-04-2022,Himachal Pradesh,4,4,3140
01-04-2022,Jammu and Kashmir,4,3,4468
01-04-2022,Jharkhand,4,9,4564
01-04-2022,Karnataka,4,311,24129
01-04-2022,Kerala,4,275,16142
01-04-2022,Madhya Pradesh,4,37,11896
01-04-2022,Maharashtra,4,354,32449
01-04-2022,Odisha,4,31,5448
01-04-2022,Puducherry,4,2,702
01-04-2022,Punjab,4,3,10147
01-04-2022,Rajasthan,4,87,15176
01-04-2022,Tamil Nadu,4,154,17499
01-04-2022,Uttar Pradesh,4,11,32173
01-04-2022,Uttarakhand,4,49,4116
01-04-2022,West Bengal,4,40,8560
01-05-2022,Andhra Pradesh,4,59,6927
01-05-2022,Assam,4,7,6761
01-05-2022,Bihar,4,12,6495
01-05-2022,Chandigarh,4,20,2248
01-05-2022,Chhattisgarh,4,24,4397
01-05-2022,Delhi,4,750,15194
01-05-2022,Goa,4,51,1360
01-05-2022,Gujarat,4,163,23174
01-05-2022,Haryana,4,31,18343
01-05-2022,Himachal Pradesh,4,3,3778
01-05-2022,Jammu and Kashmir,4,2,4775
01-05-2022,Jharkhand,4,3,4306
01-05-2022,Karnataka,4,241,20924
01-05-2022,Kerala,4,258,15706
01-05-2022,Madhya Pradesh,4,43,14017
01-05-2022,Maharashtra,4,794,34222
01-05-2022,Meghalaya,4,3,1051
01-05-2022,Odisha,4,40,5583
01-05-2022,Puducherry,4,2,726
01-05-2022,Punjab,4,2,9843
01-05-2022,Rajasthan,4,124,17047
01-05-2022,Tamil Nadu,4,202,19368
01-05-2022,Uttar Pradesh,4,26,30695
01-05-2022,Uttarakhand,4,22,3948
01-05-2022,West Bengal,4,76,8341
01-06-2022,Andhra Pradesh,4,47,6652
01-06-2022,Assam,4,9,5825
01-06-2022,Bihar,4,16,5543
01-06-2022,Chandigarh,4,19,1993
01-06-2022,Chhattisgarh,4,32,3933
01-06-2022,DNH and DD,4,4,369
01-06-2022,Delhi,4,267,14908
01-06-2022,Goa,4,74,1342
01-06-2022,Gujarat,4,337,26192
01-06-2022,Haryana,4,26,17365
01-06-2022,Himachal Pradesh,4,2,3457
01-06-2022,Jammu and Kashmir,4,4,4239
01-06-2022,Jharkhand,4,19,4097
01-06-2022,Karnataka,4,359,22817
01-06-2022,Kerala,4,345,16486
01-06-2022,Madhya Pradesh,4,42,12480
01-06-2022,Maharashtra,4,1082,35587
01-06-2022,Odisha,4,32,5778
01-06-2022,Puducherry,4,9,808
01-06-2022,Punjab,4,3,9388
01-06-2022,Rajasthan,4,136,13559
01-06-2022,Tamil Nadu,4,199,20592
01-06-2022,Uttar Pradesh,4,17,27820
01-06-2022,Uttarakhand,4,38,3959
01-06-2022,West Bengal,4,91,8407
01-07-2022,Andhra Pradesh,4,63,6757
01-07-2022,Assam,4,11,6769
01-07-2022,Bihar,4,10,5215
01-07-2022,Chandigarh,4,21,2709
01-07-2022,Chhattisgarh,4,29,4394
01-07-2022,Delhi,4,438,16056
01-07-2022,Goa,4,107,1545
01-07-2022,Gujarat,4,308,24735
01-07-2022,Haryana,4,135,17539
01-07-2022,Himachal Pradesh,4,6,3618
01-07-2022,Jammu and Kashmir,4,9,4577
01-07-2022,Jharkhand,4,7,4187
01-07-2022,Karnataka,4,358,19322
01-07-2022,Kerala,4,292,14993
01-07-2022,Madhya Pradesh,4,45,11437
01-07-2022,Maharashtra,4,1098,35100
01-07-2022,Meghalaya,4,2,1053
01-07-2022,Odisha,4,29,5336
01-07-2022,Puducherry,4,5,681
01-07-2022,Punjab,4,7,9415
01-07-2022,Rajasthan,4,102,12817
01-07-2022,Tamil Nadu,4,176,17830
01-07-2022,Uttar Pradesh,4,19,27276
01-07-2022,Uttarakhand,4,34,3820
01-07-2022,West Bengal,4,93,8312
01-08-2022,Andhra Pradesh,4,64,7491
01-08-2022,Assam,4,10,6733
01-08-2022,Bihar,4,15,5012
01-08-2022,Chandigarh,4,19,1903
01-08-2022,Chhattisgarh,4,35,3974
01-08-2022,Delhi,4,443,16315
01-08-2022,Goa,4,44,2364
01-08-2022,Gujarat,4,230,23571
01-08-2022,Haryana,4,163,18545
01-08-2022,Himachal Pradesh,4,2,3517
01-08-2022,Jammu and Kashmir,4,3,4299
01-08-2022,Jharkhand,4,15,4040
01-08-2022,Karnataka,4,363,23924
01-08-2022,Kerala,4,342,21051
01-08-2022,Ladakh,4,9,269
01-08-2022,Madhya Pradesh,4,72,15953
01-08-2022,Maharashtra,4,992,40173
01-08-2022,Odisha,4,43,5716
01-08-2022,Puducherry,4,4,758
01-08-2022,Punjab,4,3,9913
01-08-2022,Rajasthan,4,145,12578
01-08-2022,Tamil Nadu,4,182,20944
01-08-2022,Uttar Pradesh,4,15,25778
01-08-2022,Uttarakhand,4,34,3599
01-08-2022,West Bengal,4,110,9228
01-09-2022,Andhra Pradesh,4,61,8003
01-09-2022,Assam,4,13,8690
01-09-2022,Bihar,4,14,5315
01-09-2022,Chandigarh,4,26,2119
01-09-2022,Chhattisgarh,4,50,3978
01-09-2022,Delhi,4,471,14076
01-09-2022,Goa,4,42,1687
01-09-2022,Gujarat,4,299,25102
01-09-2022,Haryana,4,49,14140
01-09-2022,Himachal Pradesh,4,4,2815
01-09-2022,Jammu and Kashmir,4,4,4432
01-09-2022,Jharkhand,4,31,4183
01-09-2022,Karnataka,4,493,25136
01-09-2022,Kerala,4,397,19551
01-09-2022,Madhya Pradesh,4,61,11080
01-09-2022,Maharashtra,4,939,33643
01-09-2022,Meghalaya,4,2,1047
01-09-2022,Odisha,4,40,5941
01-09-2022,Puducherry,4,2,858
01-09-2022,Punjab,4,4,8968
01-09-2022,Rajasthan,4,150,12513
01-09-2022,Tamil Nadu,4,218,21233
01-09-2022,Uttar Pradesh,4,23,22777
01-09-2022,Uttarakhand,4,29,3066
01-09-2022,West Bengal,4,123,11473
01-10-2022,Andhra Pradesh,4,57,8075
01-10-2022,Assam,4,11,7529
01-10-2022,Bihar,4,19,7888
01-10-2022,Chandigarh,4,16,2422
01-10-2022,Chhattisgarh,4,51,7365
01-10-2022,DNH and DD,4,2,432
01-10-2022,Delhi,4,633,18613
01-10-2022,Goa,4,40,2230
01-10-2022,Gujarat,4,189,31456
01-10-2022,Haryana,4,39,21475
01-10-2022,Himachal Pradesh,4,2,3447
01-10-2022,Jammu and Kashmir,4,8,4556
01-10-2022,Jharkhand,4,22,6208
01-10-2022,Karnataka,4,563,26091
01-10-2022,Kerala,4,419,16857
01-10-2022,Madhya Pradesh,4,63,22052
01-10-2022,Maharashtra,4,1174,51561
01-10-2022,Odisha,4,43,6848
01-10-2022,Puducherry,4,4,754
01-10-2022,Punjab,4,3,10552
01-10-2022,Rajasthan,4,204,22678
01-10-2022,Tamil Nadu,4,184,18425
01-10-2022,Uttar Pradesh,4,21,42577
01-10-2022,Uttarakhand,4,50,5163
01-10-2022,West Bengal,4,94,6483
01-11-2022,Andhra Pradesh,4,95,6272
01-11-2022,Assam,4,10,7676
01-11-2022,Bihar,4,6,6295
01-11-2022,Chandigarh,4,61,2279
01-11-2022,Chhattisgarh,4,33,3846
01-11-2022,DNH and DD,4,2,455
01-11-2022,Delhi,4,483,15949
01-11-2022,Goa,4,26,1797
01-11-2022,Gujarat,4,374,36212
01-11-2022,Haryana,4,133,21202
01-11-2022,Himachal Pradesh,4,2,5135
01-11-2022,Jharkhand,4,15,4657
01-11-2022,Karnataka,4,564,23618
01-11-2022,Kerala,4,325,15267
01-11-2022,Madhya Pradesh,4,54,10575
01-11-2022,Maharashtra,4,1144,35215
01-11-2022,Odisha,4,53,5833
01-11-2022,Puducherry,4,9,782
01-11-2022,Rajasthan,4,113,15252
01-11-2022,Tamil Nadu,4,311,20180
01-11-2022,Uttar Pradesh,4,11,31886
01-11-2022,Uttarakhand,4,31,5199
01-11-2022,West Bengal,4,121,10465
01-12-2022,Andaman & Nicobar Island,4,3,229
01-12-2022,Andhra Pradesh,4,120,6769
01-12-2022,Assam,4,4,8441
01-12-2022,Bihar,4,5,4752
01-12-2022,Chandigarh,4,46,2261
01-12-2022,Chhattisgarh,4,40,3887
01-12-2022,DNH and DD,4,2,365
01-12-2022,Delhi,4,791,15492
01-12-2022,Goa,4,30,1744
01-12-2022,Gujarat,4,260,27614
01-12-2022,Haryana,4,177,18223
01-12-2022,Himachal Pradesh,4,7,4026
01-12-2022,Jammu and Kashmir,4,4,5304
01-12-2022,Jharkhand,4,22,3979
01-12-2022,Karnataka,4,438,22142
01-12-2022,Kerala,4,298,16601
01-12-2022,Madhya Pradesh,4,35,11124
01-12-2022,Maharashtra,4,887,32422
01-12-2022,Odisha,4,42,6616
01-12-2022,Puducherry,4,4,690
01-12-2022,Rajasthan,4,110,12634
01-12-2022,Tamil Nadu,4,406,20201
01-12-2022,Uttar Pradesh,4,13,27230
01-12-2022,Uttarakhand,4,24,3881
01-12-2022,West Bengal,4,65,8047
01-01-2023,Andhra Pradesh,4,121,10775
01-01-2023,Assam,4,5,7240
01-01-2023,Bihar,4,19,6600
01-01-2023,Chandigarh,4,50,2500
01-01-2023,Chhattisgarh,4,56,4880
01-01-2023,Delhi,4,331,17993
01-01-2023,Goa,4,44,1888
01-01-2023,Gujarat,4,212,25859
01-01-2023,Haryana,4,141,25164
01-01-2023,Himachal Pradesh,4,5,4192
01-01-2023,Jammu and Kashmir,4,4,4245
01-01-2023,Jharkhand,4,41,5016
01-01-2023,Karnataka,4,587,26011
01-01-2023,Kerala,4,344,17267
01-01-2023,Madhya Pradesh,4,69,17945
01-01-2023,Maharashtra,4,827,44349
01-01-2023,Manipur,4,3,892
01-01-2023,Odisha,4,51,6278
01-01-2023,Puducherry,4,3,1004
01-01-2023,Rajasthan,4,155,18017
01-01-2023,Tamil Nadu,4,202,24430
01-01-2023,Uttar Pradesh,4,26,41439
01-01-2023,Uttarakhand,4,16,5040
01-01-2023,West Bengal,4,124,9141
01-02-2023,Andhra Pradesh,4,116,6628
01-02-2023,Assam,4,13,7029
01-02-2023,Bihar,4,46,6117
01-02-2023,Chandigarh,4,59,2061
01-02-2023,Chhattisgarh,4,73,4196
01-02-2023,DNH and DD,4,3,411
01-02-2023,Delhi,4,510,14823
01-02-2023,Goa,4,83,1760
01-02-2023,Gujarat,4,271,28856
01-02-2023,Haryana,4,175,19656
01-02-2023,Himachal Pradesh,4,21,3952
01-02-2023,Jammu and Kashmir,4,8,4449
01-02-2023,Jharkhand,4,33,4234
01-02-2023,Karnataka,4,616,21837
01-02-2023,Kerala,4,662,14603
01-02-2023,Madhya Pradesh,4,144,17295
01-02-2023,Maharashtra,4,1012,30727
01-02-2023,Manipur,4,5,756
01-02-2023,Odisha,4,60,5397
01-02-2023,Puducherry,4,3,703
01-02-2023,Punjab,4,18,11765
01-02-2023,Rajasthan,4,293,15819
01-02-2023,Tamil Nadu,4,307,18758
01-02-2023,Uttar Pradesh,4,60,32464
01-02-2023,Uttarakhand,4,23,3985
01-02-2023,West Bengal,4,142,8054
01-03-2023,Andhra Pradesh,4,173,7764
01-03-2023,Assam,4,20,8324
01-03-2023,Bihar,4,47,6322
01-03-2023,Chandigarh,4,131,2589
01-03-2023,Chhattisgarh,4,95,5119
01-03-2023,DNH and DD,4,2,485
01-03-2023,Delhi,4,1544,18638
01-03-2023,Goa,4,112,2439
01-03-2023,Gujarat,4,498,26082
01-03-2023,Haryana,4,477,21547
01-03-2023,Himachal Pradesh,4,7,3574
01-03-2023,Jammu and Kashmir,4,17,5388
01-03-2023,Jharkhand,4,52,4670
01-03-2023,Karnataka,4,1062,28169
01-03-2023,Kerala,4,1107,24727
01-03-2023,Madhya Pradesh,4,159,14745
01-03-2023,Maharashtra,4,1389,42854
01-03-2023,Odisha,4,74,6358
01-03-2023,Puducherry,4,4,999
01-03-2023,Punjab,4,13,12430
01-03-2023,Rajasthan,4,425,18370
01-03-2023,Tamil Nadu,4,571,22131
01-03-2023,Tripura,4,9,329
01-03-2023,Uttar Pradesh,4,431,34186
01-03-2023,Uttarakhand,4,48,4596
01-03-2023,West Bengal,4,352,8955
01-04-2023,Andhra Pradesh,4,225,7229
01-04-2023,Assam,4,20,7022
01-04-2023,Bihar,4,40,5840
01-04-2023,Chandigarh,4,62,2482
01-04-2023,Chhattisgarh,4,93,5558
01-04-2023,Delhi,4,551,14861
01-04-2023,Goa,4,57,1633
01-04-2023,Gujarat,4,537,28451
01-04-2023,Haryana,4,363,21914
01-04-2023,Himachal Pradesh,4,9,3880
01-04-2023,Jammu and Kashmir,4,4,3728
01-04-2023,Jharkhand,4,39,4281
01-04-2023,Karnataka,4,762,22368
01-04-2023,Kerala,4,637,9171
01-04-2023,Madhya Pradesh,4,95,10894
01-04-2023,Maharashtra,4,1139,35336
01-04-2023,Meghalaya,4,2,1094
01-04-2023,Odisha,4,84,5315
01-04-2023,Puducherry,4,5,735
01-04-2023,Punjab,4,22,9734
01-04-2023,Rajasthan,4,291,14377
01-04-2023,Tamil Nadu,4,399,18659
01-04-2023,Uttar Pradesh,4,364,32143
01-04-2023,Uttarakhand,4,47,4887
01-04-2023,West Bengal,4,152,7999
01-05-2023,Andhra Pradesh,4,216,8095
01-05-2023,Assam,4,30,6994
01-05-2023,Bihar,4,46,6865
01-05-2023,Chandigarh,4,83,2556
01-05-2023,Chhattisgarh,4,185,3785
01-05-2023,DNH and DD,4,4,416
01-05-2023,Delhi,4,787,16609
01-05-2023,Goa,4,85,1878
01-05-2023,Gujarat,4,710,25770
01-05-2023,Haryana,4,211,21218
01-05-2023,Himachal Pradesh,4,21,3565
01-05-2023,Jammu and Kashmir,4,14,5095
01-05-2023,Jharkhand,4,37,4755
01-05-2023,Karnataka,4,999,22601
01-05-2023,Kerala,4,954,14819
01-05-2023,Madhya Pradesh,4,136,12488
01-05-2023,Maharashtra,4,1137,35179
01-05-2023,Manipur,4,4,119
01-05-2023,Meghalaya,4,2,1027
01-05-2023,Odisha,4,105,5951
01-05-2023,Puducherry,4,6,943
01-05-2023,Punjab,4,63,11047
01-05-2023,Rajasthan,4,419,16157
01-05-2023,Tamil Nadu,4,529,20789
01-05-2023,Tripura,4,2,436
01-05-2023,Uttar Pradesh,4,472,34515
01-05-2023,Uttarakhand,4,61,4675
01-05-2023,West Bengal,4,322,8672
01-06-2023,Andhra Pradesh,4,156,6611
01-06-2023,Assam,4,28,6751
01-06-2023,Bihar,4,52,6134
01-06-2023,Chandigarh,4,77,2597
01-06-2023,Chhattisgarh,4,114,3650
01-06-2023,Delhi,4,935,15723
01-06-2023,Goa,4,75,1699
01-06-2023,Gujarat,4,698,24829
01-06-2023,Haryana,4,263,21135
01-06-2023,Himachal Pradesh,4,19,3448
01-06-2023,Jammu and Kashmir,4,18,4437
01-06-2023,Jharkhand,4,48,4320
01-06-2023,Karnataka,4,1142,24603
01-06-2023,Kerala,4,885,14389
01-06-2023,Madhya Pradesh,4,107,10927
01-06-2023,Maharashtra,4,1360,36069
01-06-2023,Meghalaya,4,2,950
01-06-2023,Odisha,4,89,5873
01-06-2023,Puducherry,4,8,910
01-06-2023,Punjab,4,76,10547
01-06-2023,Rajasthan,4,380,15534
01-06-2023,Tamil Nadu,4,572,22976
01-06-2023,Tripura,4,2,375
01-06-2023,Uttar Pradesh,4,393,30578
01-06-2023,Uttarakhand,4,42,4393
01-06-2023,West Bengal,4,247,8471
01-07-2023,Andaman & Nicobar Island,4,3,163
01-07-2023,Andhra Pradesh,4,157,6820
01-07-2023,Arunachal Pradesh,4,2,1069
01-07-2023,Assam,4,23,7381
01-07-2023,Bihar,4,58,5189
01-07-2023,Chandigarh,4,71,2326
01-07-2023,Chhattisgarh,4,94,3346
01-07-2023,DNH and DD,4,4,391
01-07-2023,Delhi,4,831,15285
01-07-2023,Goa,4,84,1739
01-07-2023,Gujarat,4,692,27755
01-07-2023,Haryana,4,92,11915
01-07-2023,Himachal Pradesh,4,12,3956
01-07-2023,Jammu and Kashmir,4,11,4435
01-07-2023,Jharkhand,4,31,4010
01-07-2023,Karnataka,4,1221,23154
01-07-2023,Kerala,4,871,14002
01-07-2023,Madhya Pradesh,4,138,10811
01-07-2023,Maharashtra,4,1103,36082
01-07-2023,Manipur,4,6,427
01-07-2023,Meghalaya,4,3,1030
01-07-2023,Odisha,4,134,5745
01-07-2023,Puducherry,4,7,809
01-07-2023,Punjab,4,92,10766
01-07-2023,Rajasthan,4,405,14064
01-07-2023,Tamil Nadu,4,630,20553
01-07-2023,Tripura,4,2,578
01-07-2023,Uttar Pradesh,4,420,29214
01-07-2023,Uttarakhand,4,53,4216
01-07-2023,West Bengal,4,179,8111
01-08-2023,Andaman & Nicobar Island,4,3,183
01-08-2023,Andhra Pradesh,4,104,7397
01-08-2023,Arunachal Pradesh,4,4,1121
01-08-2023,Assam,4,27,7557
01-08-2023,Bihar,4,53,5334
01-08-2023,Chandigarh,4,80,1937
01-08-2023,Chhattisgarh,4,107,3859
01-08-2023,Delhi,4,440,15852
01-08-2023,Goa,4,98,2177
01-08-2023,Gujarat,4,512,25572
01-08-2023,Haryana,4,189,24414
01-08-2023,Himachal Pradesh,4,11,3975
01-08-2023,Jammu and Kashmir,4,15,4843
01-08-2023,Jharkhand,4,52,4040
01-08-2023,Karnataka,4,1196,28235
01-08-2023,Kerala,4,736,18189
01-08-2023,Madhya Pradesh,4,112,11479
01-08-2023,Maharashtra,4,1070,40169
01-08-2023,Manipur,4,6,458
01-08-2023,Meghalaya,4,3,1215
01-08-2023,Odisha,4,146,6282
01-08-2023,Puducherry,4,14,955
01-08-2023,Punjab,4,75,11493
01-08-2023,Rajasthan,4,396,14786
01-08-2023,Tamil Nadu,4,591,23537
01-08-2023,Tripura,4,2,466
01-08-2023,Uttar Pradesh,4,482,29829
01-08-2023,Uttarakhand,4,50,4283
01-08-2023,West Bengal,4,178,9101
01-09-2023,Andhra Pradesh,4,59,7044
01-09-2023,Arunachal Pradesh,4,4,1003
01-09-2023,Assam,4,23,8078
01-09-2023,Bihar,4,60,5210
01-09-2023,Chandigarh,4,54,1491
01-09-2023,Chhattisgarh,4,83,3993
01-09-2023,DNH and DD,4,6,468
01-09-2023,Delhi,4,380,15776
01-09-2023,Goa,4,69,2801
01-09-2023,Gujarat,4,633,36818
01-09-2023,Haryana,4,92,24045
01-09-2023,Himachal Pradesh,4,9,3683
01-09-2023,Jammu and Kashmir,4,9,4430
01-09-2023,Jharkhand,4,22,4600
01-09-2023,Karnataka,4,942,24184
01-09-2023,Kerala,4,773,21467
01-09-2023,Madhya Pradesh,4,117,11748
01-09-2023,Maharashtra,4,869,43063
01-09-2023,Meghalaya,4,3,1139
01-09-2023,Odisha,4,101,6354
01-09-2023,Puducherry,4,10,912
01-09-2023,Punjab,4,83,12368
01-09-2023,Rajasthan,4,375,16356
01-09-2023,Tamil Nadu,4,543,22461
01-09-2023,Tripura,4,3,470
01-09-2023,Uttar Pradesh,4,476,29087
01-09-2023,Uttarakhand,4,30,4234
01-09-2023,West Bengal,4,218,9011
01-10-2023,Andhra Pradesh,4,68,7743
01-10-2023,Arunachal Pradesh,4,2,1111
01-10-2023,Assam,4,24,9481
01-10-2023,Bihar,4,57,6068
01-10-2023,Chandigarh,4,71,1722
01-10-2023,Chhattisgarh,4,79,4920
01-10-2023,DNH and DD,4,12,620
01-10-2023,Delhi,4,519,16459
01-10-2023,Goa,4,87,2094
01-10-2023,Gujarat,4,670,42365
01-10-2023,Haryana,4,220,20543
01-10-2023,Himachal Pradesh,4,7,3066
01-10-2023,Jammu and Kashmir,4,10,4603
01-10-2023,Jharkhand,4,30,4837
01-10-2023,Karnataka,4,1154,25652
01-10-2023,Kerala,4,642,14522
01-10-2023,Madhya Pradesh,4,112,13646
01-10-2023,Maharashtra,4,1404,47126
01-10-2023,Manipur,4,2,272
01-10-2023,Odisha,4,130,8500
01-10-2023,Puducherry,4,7,990
01-10-2023,Punjab,4,94,11396
01-10-2023,Rajasthan,4,464,18951
01-10-2023,Tamil Nadu,4,556,28342
01-10-2023,Tripura,4,3,497
01-10-2023,Uttar Pradesh,4,512,33774
01-10-2023,Uttarakhand,4,34,4562
01-10-2023,West Bengal,4,238,9972
01-11-2023,Andhra Pradesh,4,98,8220
01-11-2023,Arunachal Pradesh,4,3,1226
01-11-2023,Assam,4,26,7960
01-11-2023,Bihar,4,50,9075
01-11-2023,Chandigarh,4,88,1805
01-11-2023,Chhattisgarh,4,99,5877
01-11-2023,DNH and DD,4,3,590
01-11-2023,Delhi,4,538,18675
01-11-2023,Goa,4,97,2521
01-11-2023,Gujarat,4,592,32601
01-11-2023,Haryana,4,215,22002
01-11-2023,Himachal Pradesh,4,15,4242
01-11-2023,Jammu and Kashmir,4,18,4981
01-11-2023,Jharkhand,4,40,6684
01-11-2023,Karnataka,4,822,26232
01-11-2023,Kerala,4,641,12551
01-11-2023,Madhya Pradesh,4,137,17166
01-11-2023,Maharashtra,4,1315,48131
01-11-2023,Manipur,4,2,246
01-11-2023,Meghalaya,4,2,1387
01-11-2023,Odisha,4,177,7105
01-11-2023,Puducherry,4,11,990
01-11-2023,Punjab,4,128,12992
01-11-2023,Rajasthan,4,539,24386
01-11-2023,Tamil Nadu,4,599,19015
01-11-2023,Tripura,4,2,657
01-11-2023,Uttar Pradesh,4,446,42692
01-11-2023,Uttarakhand,4,47,5398
01-11-2023,West Bengal,4,290,9743
01-12-2023,Andaman & Nicobar Island,4,2,175
01-12-2023,Andhra Pradesh,4,130,7155
01-12-2023,Arunachal Pradesh,4,2,1137
01-12-2023,Assam,4,30,8111
01-12-2023,Bihar,4,59,4788
01-12-2023,Chandigarh,4,130,1496
01-12-2023,Chhattisgarh,4,93,3575
01-12-2023,DNH and DD,4,5,488
01-12-2023,Delhi,4,811,16567
01-12-2023,Goa,4,71,1859
01-12-2023,Gujarat,4,548,26023
01-12-2023,Haryana,4,218,23698
01-12-2023,Himachal Pradesh,4,16,5710
01-12-2023,Jammu and Kashmir,4,15,4531
01-12-2023,Jharkhand,4,27,4375
01-12-2023,Karnataka,4,1155,22859
01-12-2023,Kerala,4,736,13811
01-12-2023,Madhya Pradesh,4,134,9736
01-12-2023,Maharashtra,4,1125,32212
01-12-2023,Manipur,4,2,206
01-12-2023,Odisha,4,186,7280
01-12-2023,Puducherry,4,12,860
01-12-2023,Punjab,4,116,13632
01-12-2023,Rajasthan,4,348,13082
01-12-2023,Tamil Nadu,4,520,19246
01-12-2023,Tripura,4,4,489
01-12-2023,Uttar Pradesh,4,498,29434
01-12-2023,Uttarakhand,4,37,5430
01-12-2023,West Bengal,4,160,8435
01-01-2024,Uttar Pradesh,4,399,44334
01-01-2024,Maharashtra,4,1289,50156
01-01-2024,Karnataka,4,1080,30770
01-01-2024,Tamil Nadu,4,626,28455
01-01-2024,Bihar,4,58,6824
01-01-2024,Kerala,4,734,164
01-01-2024,Rajasthan,4,498,21747
01-01-2024,Delhi,4,1345,21520
01-01-2024,Madhya Pradesh,4,172,19326
01-01-2024,Gujarat,4,494,33379
01-01-2024,Odisha,4,150,7500
01-01-2024,Assam,4,21,7242
01-01-2024,Haryana,4,282,28776
01-01-2024,Chhattisgarh,4,91,4946
01-01-2024,West Bengal,4,184,10223
01-01-2024,Punjab,4,105,15000
01-01-2024,Andhra Pradesh,4,123,8483
01-01-2024,Jharkhand,4,29,4678
01-01-2024,Uttarakhand,4,49,5385
01-01-2024,Jammu and Kashmir,4,10,5264
01-01-2024,Goa,4,86,2331
01-01-2024,Chandigarh,4,101,1624
01-01-2024,Tripura,4,2,466
01-01-2024,Puducherry,4,10,1250
01-01-2024,Himachal Pradesh,4,13,4815
01-01-2024,DNH and DD,4,3,527
01-01-2024,Manipur,4,7,433
01-01-2024,Arunachal Pradesh,4,5,1174
01-02-2024,Uttar Pradesh,4,394,37170
01-02-2024,Maharashtra,4,1227,36302
01-02-2024,Karnataka,4,923,24812
01-02-2024,Tamil Nadu,4,595,23063
01-02-2024,Rajasthan,4,517,19149
01-02-2024,Bihar,4,71,6762
01-02-2024,Madhya Pradesh,4,146,18025
01-02-2024,Kerala,4,684,12281
01-02-2024,Gujarat,4,510,25758
01-02-2024,Delhi,4,596,17898
01-02-2024,Assam,4,24,6858
01-02-2024,Odisha,4,203,6305
01-02-2024,Chhattisgarh,4,99,4125
01-02-2024,Punjab,4,111,14051
01-02-2024,Andhra Pradesh,4,128,6125
01-02-2024,Haryana,4,312,26000
01-02-2024,West Bengal,4,185,8487
01-02-2024,Jharkhand,4,42,4667
01-02-2024,Uttarakhand,4,60,5826
01-02-2024,Jammu and Kashmir,4,24,4211
01-02-2024,Goa,4,99,1772
01-02-2024,Tripura,4,5,538
01-02-2024,Chandigarh,4,84,1321
01-02-2024,Puducherry,4,16,1177
01-02-2024,Himachal Pradesh,4,11,4584
01-02-2024,Manipur,4,7,310
01-02-2024,DNH and DD,4,5,444
01-02-2024,Meghalaya,4,4,1261
01-02-2024,Arunachal Pradesh,4,4,1184
01-03-2024,Maharashtra,4,1079,36826
01-03-2024,Uttar Pradesh,4,389,34425
01-03-2024,Karnataka,4,1482,26751
01-03-2024,Tamil Nadu,4,749,22095
01-03-2024,Rajasthan,4,493,16942
01-03-2024,Delhi,4,897,15905
01-03-2024,Kerala,4,876,13861
01-03-2024,Gujarat,4,661,25424
01-03-2024,Bihar,4,99,6972
01-03-2024,Madhya Pradesh,4,143,14743
01-03-2024,Andhra Pradesh,4,366,7838
01-03-2024,Assam,4,53,7465
01-03-2024,Chhattisgarh,4,120,4348
01-03-2024,Punjab,4,132,14348
01-03-2024,West Bengal,4,495,8089
01-03-2024,Haryana,4,305,23644
01-03-2024,Jharkhand,4,52,4483
01-03-2024,Goa,4,123,1730
01-03-2024,Uttarakhand,4,51,4812
01-03-2024,Jammu and Kashmir,4,18,4500
01-03-2024,Tripura,4,3,556
01-03-2024,Chandigarh,4,119,1294
01-03-2024,Puducherry,4,5,1042
01-03-2024,Meghalaya,4,3,1200
01-03-2024,Himachal Pradesh,4,17,4147
01-03-2024,DNH and DD,4,4,429
01-03-2024,Manipur,4,2,370
01-04-2021,Andhra Pradesh,2,436,63444
01-04-2021,Assam,2,7,30344
01-04-2021,Bihar,2,47,81056
01-04-2021,Chandigarh,2,6,1200
01-04-2021,Chhattisgarh,2,36,10274
01-04-2021,Delhi,2,272,14233
01-04-2021,Goa,2,36,3374
01-04-2021,Gujarat,2,98,49005
01-04-2021,Haryana,2,101,31078
01-04-2021,Himachal Pradesh,2,9,4360
01-04-2021,Jammu and Kashmir,2,22,6874
01-04-2021,Jharkhand,2,80,26969
01-04-2021,Karnataka,2,1549,59979
01-04-2021,Kerala,2,379,57624
01-04-2021,Madhya Pradesh,2,126,29491
01-04-2021,Maharashtra,2,428,45515
01-04-2021,Manipur,2,2,3048
01-04-2021,Odisha,2,191,36953
01-04-2021,Puducherry,2,18,2581
01-04-2021,Punjab,2,9,24348
01-04-2021,Rajasthan,2,325,48828
01-04-2021,Tamil Nadu,2,1297,107658
01-04-2021,Uttar Pradesh,2,171,137840
01-04-2021,Uttarakhand,2,34,7607
01-04-2021,West Bengal,2,9,65885
01-05-2021,Andhra Pradesh,2,201,41370
01-05-2021,Bihar,2,8,55276
01-05-2021,Chhattisgarh,2,6,5280
01-05-2021,Goa,2,27,379
01-05-2021,Gujarat,2,106,33419
01-05-2021,Haryana,2,17,7315
01-05-2021,Himachal Pradesh,2,4,1721
01-05-2021,Jammu and Kashmir,2,50,1916
01-05-2021,Jharkhand,2,39,21680
01-05-2021,Karnataka,2,140,4942
01-05-2021,Kerala,2,95,6675
01-05-2021,Maharashtra,2,189,16627
01-05-2021,Odisha,2,28,5900
01-05-2021,Puducherry,2,3,314
01-05-2021,Punjab,2,21,14366
01-05-2021,Rajasthan,2,33,18802
01-05-2021,Tamil Nadu,2,237,17837
01-05-2021,Uttar Pradesh,2,25,147458
01-05-2021,Uttarakhand,2,6,2957
01-05-2021,West Bengal,2,6,28906
01-06-2021,Andhra Pradesh,2,369,53867
01-06-2021,Assam,2,6,22586
01-06-2021,Bihar,2,67,100771
01-06-2021,Chandigarh,2,2,1314
01-06-2021,Chhattisgarh,2,138,31808
01-06-2021,DNH and DD,2,2,627
01-06-2021,Delhi,2,205,22186
01-06-2021,Goa,2,17,1533
01-06-2021,Gujarat,2,207,59121
01-06-2021,Haryana,2,74,31957
01-06-2021,Himachal Pradesh,2,25,5098
01-06-2021,Jammu and Kashmir,2,87,8677
01-06-2021,Jharkhand,2,42,33533
01-06-2021,Karnataka,2,560,19402
01-06-2021,Kerala,2,184,17828
01-06-2021,Madhya Pradesh,2,227,90928
01-06-2021,Maharashtra,2,891,75098
01-06-2021,Odisha,2,147,23193
01-06-2021,Puducherry,2,31,2559
01-06-2021,Punjab,2,71,23393
01-06-2021,Rajasthan,2,515,59809
01-06-2021,Tamil Nadu,2,660,45197
01-06-2021,Uttar Pradesh,2,92,264409
01-06-2021,Uttarakhand,2,37,9766
01-06-2021,West Bengal,2,12,67354
01-07-2021,Andhra Pradesh,2,811,58165
01-07-2021,Assam,2,22,22521
01-07-2021,Bihar,2,189,70562
01-07-2021,Chandigarh,2,11,1286
01-07-2021,Chhattisgarh,2,253,30642
01-07-2021,DNH and DD,2,3,704
01-07-2021,Delhi,2,818,24955
01-07-2021,Goa,2,64,1694
01-07-2021,Gujarat,2,358,68641
01-07-2021,Haryana,2,134,24476
01-07-2021,Himachal Pradesh,2,18,6543
01-07-2021,Jammu and Kashmir,2,203,10104
01-07-2021,Jharkhand,2,108,29512
01-07-2021,Karnataka,2,3384,84001
01-07-2021,Kerala,2,456,41455
01-07-2021,Madhya Pradesh,2,469,99094
01-07-2021,Maharashtra,2,2101,146083
01-07-2021,Odisha,2,324,38080
01-07-2021,Puducherry,2,38,3592
01-07-2021,Punjab,2,318,27261
01-07-2021,Rajasthan,2,1378,67308
01-07-2021,Tamil Nadu,2,2801,122808
01-07-2021,Uttar Pradesh,2,303,215180
01-07-2021,Uttarakhand,2,76,12268
01-07-2021,West Bengal,2,36,76665
01-08-2021,Andhra Pradesh,2,666,58473
01-08-2021,Assam,2,26,25097
01-08-2021,Bihar,2,191,54618
01-08-2021,Chandigarh,2,19,1380
01-08-2021,Chhattisgarh,2,238,27491
01-08-2021,DNH and DD,2,2,584
01-08-2021,Delhi,2,995,26069
01-08-2021,Goa,2,22,2316
01-08-2021,Gujarat,2,584,54721
01-08-2021,Haryana,2,441,30342
01-08-2021,Himachal Pradesh,2,32,5430
01-08-2021,Jammu and Kashmir,2,122,9978
01-08-2021,Jharkhand,2,137,26589
01-08-2021,Karnataka,2,3319,79751
01-08-2021,Kerala,2,598,52507
01-08-2021,Madhya Pradesh,2,457,67859
01-08-2021,Maharashtra,2,2419,119076
01-08-2021,Odisha,2,485,33821
01-08-2021,Puducherry,2,34,3496
01-08-2021,Punjab,2,342,27376
01-08-2021,Rajasthan,2,1451,57021
01-08-2021,Tamil Nadu,2,2745,109440
01-08-2021,Uttar Pradesh,2,531,146734
01-08-2021,Uttarakhand,2,114,11192
01-08-2021,West Bengal,2,80,63613
01-09-2021,Andhra Pradesh,2,766,51764
01-09-2021,Assam,2,38,24438
01-09-2021,Bihar,2,475,48021
01-09-2021,Chandigarh,2,25,1162
01-09-2021,Chhattisgarh,2,244,24790
01-09-2021,Delhi,2,809,17347
01-09-2021,Goa,2,87,3081
01-09-2021,Gujarat,2,959,71820
01-09-2021,Haryana,2,691,32590
01-09-2021,Himachal Pradesh,2,33,4975
01-09-2021,Jammu and Kashmir,2,157,7354
01-09-2021,Jharkhand,2,149,24528
01-09-2021,Karnataka,2,3539,80292
01-09-2021,Kerala,2,789,48245
01-09-2021,Madhya Pradesh,2,590,65166
01-09-2021,Maharashtra,2,2166,92351
01-09-2021,Odisha,2,490,28355
01-09-2021,Puducherry,2,48,3211
01-09-2021,Punjab,2,487,24819
01-09-2021,Rajasthan,2,1625,48502
01-09-2021,Tamil Nadu,2,2880,108477
01-09-2021,Uttar Pradesh,2,730,132962
01-09-2021,Uttarakhand,2,169,9926
01-09-2021,West Bengal,2,84,65430
01-10-2021,Andhra Pradesh,2,993,88110
01-10-2021,Assam,2,28,32155
01-10-2021,Bihar,2,470,50679
01-10-2021,Chandigarh,2,18,1792
01-10-2021,Chhattisgarh,2,301,33464
01-10-2021,Delhi,2,995,26087
01-10-2021,Goa,2,163,3914
01-10-2021,Gujarat,2,1460,84700
01-10-2021,Haryana,2,505,26891
01-10-2021,Himachal Pradesh,2,29,4651
01-10-2021,Jammu and Kashmir,2,199,8601
01-10-2021,Jharkhand,2,253,28877
01-10-2021,Karnataka,2,3709,76401
01-10-2021,Kerala,2,833,42377
01-10-2021,Ladakh,2,6,18
01-10-2021,Madhya Pradesh,2,545,52075
01-10-2021,Maharashtra,2,3554,131332
01-10-2021,Manipur,2,6,2098
01-10-2021,Odisha,2,948,52708
01-10-2021,Puducherry,2,31,2839
01-10-2021,Punjab,2,416,29940
01-10-2021,Rajasthan,2,1602,65626
01-10-2021,Tamil Nadu,2,2530,85674
01-10-2021,Uttar Pradesh,2,1022,129924
01-10-2021,Uttarakhand,2,129,12826
01-10-2021,West Bengal,2,67,53475
01-11-2021,Andhra Pradesh,2,1114,64835
01-11-2021,Assam,2,120,29586
01-11-2021,Bihar,2,604,107209
01-11-2021,Chandigarh,2,79,2083
01-11-2021,Chhattisgarh,2,509,63099
01-11-2021,Delhi,2,1269,37710
01-11-2021,Goa,2,178,4104
01-11-2021,Gujarat,2,1569,110759
01-11-2021,Haryana,2,871,43957
01-11-2021,Himachal Pradesh,2,61,7398
01-11-2021,Jammu and Kashmir,2,64,8083
01-11-2021,Jharkhand,2,370,51355
01-11-2021,Karnataka,2,3430,74444
01-11-2021,Kerala,2,948,43718
01-11-2021,Madhya Pradesh,2,940,99568
01-11-2021,Maharashtra,2,3684,168326
01-11-2021,Manipur,2,3,2490
01-11-2021,Odisha,2,843,41128
01-11-2021,Puducherry,2,47,2889
01-11-2021,Punjab,2,803,46549
01-11-2021,Rajasthan,2,2265,141368
01-11-2021,Tamil Nadu,2,2844,111203
01-11-2021,Uttar Pradesh,2,1347,225370
01-11-2021,Uttarakhand,2,262,20977
01-11-2021,West Bengal,2,309,79819
01-12-2021,Andhra Pradesh,2,985,42446
01-12-2021,Assam,2,93,28392
01-12-2021,Bihar,2,467,63454
01-12-2021,Chandigarh,2,30,1252
01-12-2021,Chhattisgarh,2,500,24772
01-12-2021,DNH and DD,2,4,1100
01-12-2021,Delhi,2,1258,18687
01-12-2021,Goa,2,153,3468
01-12-2021,Gujarat,2,2111,92992
01-12-2021,Haryana,2,670,40694
01-12-2021,Himachal Pradesh,2,73,6044
01-12-2021,Jammu and Kashmir,2,110,4076
01-12-2021,Jharkhand,2,293,26077
01-12-2021,Karnataka,2,4381,83147
01-12-2021,Kerala,2,1107,43996
01-12-2021,Madhya Pradesh,2,901,110877
01-12-2021,Maharashtra,2,4775,134502
01-12-2021,Manipur,2,4,3649
01-12-2021,Odisha,2,939,26693
01-12-2021,Puducherry,2,81,2589
01-12-2021,Punjab,2,450,35287
01-12-2021,Rajasthan,2,2119,61061
01-12-2021,Tamil Nadu,2,3236,83485
01-12-2021,Uttar Pradesh,2,1371,268713
01-12-2021,Uttarakhand,2,229,12632
01-12-2021,West Bengal,2,285,73989
01-01-2022,Andhra Pradesh,2,1671,59712
01-01-2022,Assam,2,92,26097
01-01-2022,Bihar,2,409,51380
01-01-2022,Chandigarh,2,19,1291
01-01-2022,Chhattisgarh,2,595,31989
01-01-2022,DNH and DD,2,6,758
01-01-2022,Delhi,2,1762,24615
01-01-2022,Goa,2,194,3015
01-01-2022,Gujarat,2,2191,58107
01-01-2022,Haryana,2,597,28339
01-01-2022,Himachal Pradesh,2,22,3490
01-01-2022,Jammu and Kashmir,2,76,3561
01-01-2022,Jharkhand,2,240,24613
01-01-2022,Karnataka,2,4386,74134
01-01-2022,Kerala,2,1399,45699
01-01-2022,Ladakh,2,6,20
01-01-2022,Madhya Pradesh,2,862,75043
01-01-2022,Maharashtra,2,5138,136937
01-01-2022,Manipur,2,5,3660
01-01-2022,Odisha,2,1333,45749
01-01-2022,Puducherry,2,94,4044
01-01-2022,Punjab,2,552,28295
01-01-2022,Rajasthan,2,2359,50153
01-01-2022,Tamil Nadu,2,4233,124399
01-01-2022,Tripura,2,5,3043
01-01-2022,Uttar Pradesh,2,1322,168934
01-01-2022,Uttarakhand,2,184,10413
01-01-2022,West Bengal,2,370,61071
01-02-2022,Andhra Pradesh,2,2284,52013
01-02-2022,Assam,2,108,25414
01-02-2022,Bihar,2,495,59758
01-02-2022,Chandigarh,2,22,1184
01-02-2022,Chhattisgarh,2,635,28508
01-02-2022,DNH and DD,2,4,817
01-02-2022,Delhi,2,2384,25413
01-02-2022,Goa,2,267,3248
01-02-2022,Gujarat,2,2613,68658
01-02-2022,Haryana,2,677,25667
01-02-2022,Himachal Pradesh,2,57,4041
01-02-2022,Jammu and Kashmir,2,101,4836
01-02-2022,Jharkhand,2,338,27174
01-02-2022,Karnataka,2,5593,75612
01-02-2022,Kerala,2,1737,41273
01-02-2022,Madhya Pradesh,2,974,69322
01-02-2022,Maharashtra,2,6871,116043
01-02-2022,Manipur,2,3,4773
01-02-2022,Odisha,2,1266,41856
01-02-2022,Puducherry,2,117,3410
01-02-2022,Punjab,2,296,24506
01-02-2022,Rajasthan,2,2563,56168
01-02-2022,Tamil Nadu,2,4506,108851
01-02-2022,Tripura,2,3,2705
01-02-2022,Uttar Pradesh,2,1202,163699
01-02-2022,Uttarakhand,2,223,9283
01-02-2022,West Bengal,2,383,56937
01-03-2022,Andhra Pradesh,2,3169,51588
01-03-2022,Assam,2,179,29698
01-03-2022,Bihar,2,1328,85165
01-03-2022,Chandigarh,2,55,1883
01-03-2022,Chhattisgarh,2,959,31244
01-03-2022,DNH and DD,2,5,757
01-03-2022,Delhi,2,3491,28871
01-03-2022,Goa,2,235,4381
01-03-2022,Gujarat,2,4507,79333
01-03-2022,Haryana,2,1025,30295
01-03-2022,Himachal Pradesh,2,61,3565
01-03-2022,Jammu and Kashmir,2,227,5680
01-03-2022,Jharkhand,2,607,38435
01-03-2022,Karnataka,2,7288,91537
01-03-2022,Kerala,2,2880,50610
01-03-2022,Madhya Pradesh,2,1580,76256
01-03-2022,Maharashtra,2,9687,130070
01-03-2022,Manipur,2,2,3508
01-03-2022,Odisha,2,2363,47801
01-03-2022,Puducherry,2,181,3913
01-03-2022,Punjab,2,716,31497
01-03-2022,Rajasthan,2,3080,60106
01-03-2022,Tamil Nadu,2,7708,124272
01-03-2022,Tripura,2,18,3504
01-03-2022,Uttar Pradesh,2,1986,180927
01-03-2022,Uttarakhand,2,435,11692
01-03-2022,West Bengal,2,626,73783
01-04-2022,Andhra Pradesh,2,2745,56529
01-04-2022,Assam,2,168,26813
01-04-2022,Bihar,2,475,82418
01-04-2022,Chandigarh,2,63,1881
01-04-2022,Chhattisgarh,2,1397,30843
01-04-2022,DNH and DD,2,4,804
01-04-2022,Delhi,2,2832,32226
01-04-2022,Goa,2,377,3817
01-04-2022,Gujarat,2,6695,88648
01-04-2022,Haryana,2,1215,30558
01-04-2022,Himachal Pradesh,2,97,4637
01-04-2022,Jammu and Kashmir,2,125,8306
01-04-2022,Jharkhand,2,450,35590
01-04-2022,Karnataka,2,8814,100400
01-04-2022,Kerala,2,2908,41859
01-04-2022,Madhya Pradesh,2,1337,75144
01-04-2022,Maharashtra,2,7375,135969
01-04-2022,Meghalaya,2,5,1472
01-04-2022,Nagaland,2,2,444
01-04-2022,Odisha,2,2261,44330
01-04-2022,Puducherry,2,82,3044
01-04-2022,Punjab,2,817,29934
01-04-2022,Rajasthan,2,3771,70039
01-04-2022,Tamil Nadu,2,5425,106643
01-04-2022,Tripura,2,20,2797
01-04-2022,Uttar Pradesh,2,2397,225079
01-04-2022,Uttarakhand,2,602,12989
01-04-2022,West Bengal,2,815,68909
01-05-2022,Andhra Pradesh,2,1615,48041
01-05-2022,Assam,2,112,28739
01-05-2022,Bihar,2,458,113034
01-05-2022,Chandigarh,2,44,1797
01-05-2022,Chhattisgarh,2,834,28821
01-05-2022,DNH and DD,2,6,790
01-05-2022,Delhi,2,1760,28897
01-05-2022,Goa,2,453,3338
01-05-2022,Gujarat,2,4408,68621
01-05-2022,Haryana,2,1178,32009
01-05-2022,Himachal Pradesh,2,73,5131
01-05-2022,Jammu and Kashmir,2,124,9505
01-05-2022,Jharkhand,2,431,39317
01-05-2022,Karnataka,2,5947,84301
01-05-2022,Kerala,2,2373,40514
01-05-2022,Madhya Pradesh,2,1310,94602
01-05-2022,Maharashtra,2,8914,123203
01-05-2022,Manipur,2,2,2443
01-05-2022,Odisha,2,1714,38324
01-05-2022,Puducherry,2,65,3122
01-05-2022,Punjab,2,493,30377
01-05-2022,Rajasthan,2,3701,73803
01-05-2022,Tamil Nadu,2,3628,102565
01-05-2022,Tripura,2,14,2768
01-05-2022,Uttar Pradesh,2,1695,273962
01-05-2022,Uttarakhand,2,377,12930
01-05-2022,West Bengal,2,683,68721
01-06-2022,Andhra Pradesh,2,1733,37538
01-06-2022,Assam,2,101,21695
01-06-2022,Bihar,2,716,79768
01-06-2022,Chandigarh,2,63,1808
01-06-2022,Chhattisgarh,2,1038,28027
01-06-2022,Delhi,2,2755,27696
01-06-2022,Goa,2,365,3042
01-06-2022,Gujarat,2,5322,83549
01-06-2022,Haryana,2,966,30435
01-06-2022,Himachal Pradesh,2,104,5610
01-06-2022,Jammu and Kashmir,2,159,8064
01-06-2022,Jharkhand,2,461,32650
01-06-2022,Karnataka,2,6800,91707
01-06-2022,Kerala,2,2568,44015
01-06-2022,Ladakh,2,14,590
01-06-2022,Madhya Pradesh,2,1434,83413
01-06-2022,Maharashtra,2,7880,115725
01-06-2022,Manipur,2,13,3391
01-06-2022,Meghalaya,2,2,1291
01-06-2022,Mizoram,2,2,1750
01-06-2022,Odisha,2,1693,39143
01-06-2022,Puducherry,2,85,3331
01-06-2022,Punjab,2,514,28256
01-06-2022,Rajasthan,2,3427,58281
01-06-2022,Tamil Nadu,2,3749,110740
01-06-2022,Tripura,2,21,2761
01-06-2022,Uttar Pradesh,2,1361,198411
01-06-2022,Uttarakhand,2,374,13121
01-06-2022,West Bengal,2,660,67878
01-07-2022,Andhra Pradesh,2,1921,42632
01-07-2022,Assam,2,120,26803
01-07-2022,Bihar,2,638,62773
01-07-2022,Chandigarh,2,58,2086
01-07-2022,Chhattisgarh,2,1309,26466
01-07-2022,DNH and DD,2,9,735
01-07-2022,Delhi,2,2658,30654
01-07-2022,Goa,2,579,2801
01-07-2022,Gujarat,2,5592,83341
01-07-2022,Haryana,2,710,30657
01-07-2022,Himachal Pradesh,2,92,5377
01-07-2022,Jammu and Kashmir,2,316,8717
01-07-2022,Jharkhand,2,589,32122
01-07-2022,Karnataka,2,5689,77333
01-07-2022,Kerala,2,1964,37691
01-07-2022,Madhya Pradesh,2,1722,81579
01-07-2022,Maharashtra,2,8446,111895
01-07-2022,Manipur,2,21,4103
01-07-2022,Meghalaya,2,3,1363
01-07-2022,Odisha,2,1816,32549
01-07-2022,Puducherry,2,71,3298
01-07-2022,Punjab,2,603,27082
01-07-2022,Rajasthan,2,4574,63752
01-07-2022,Tamil Nadu,2,4180,103800
01-07-2022,Tripura,2,2,2632
01-07-2022,Uttar Pradesh,2,1828,153826
01-07-2022,Uttarakhand,2,404,12603
01-07-2022,West Bengal,2,689,62610
01-08-2022,Andhra Pradesh,2,1898,54365
01-08-2022,Assam,2,202,27466
01-08-2022,Bihar,2,849,64565
01-08-2022,Chandigarh,2,59,1896
01-08-2022,Chhattisgarh,2,1360,23146
01-08-2022,DNH and DD,2,6,742
01-08-2022,Delhi,2,3259,31869
01-08-2022,Goa,2,303,4503
01-08-2022,Gujarat,2,5059,74982
01-08-2022,Haryana,2,915,33336
01-08-2022,Himachal Pradesh,2,59,5281
01-08-2022,Jammu and Kashmir,2,182,9131
01-08-2022,Jharkhand,2,561,25332
01-08-2022,Karnataka,2,7476,88611
01-08-2022,Kerala,2,3069,50954
01-08-2022,Madhya Pradesh,2,1931,98165
01-08-2022,Maharashtra,2,9723,118886
01-08-2022,Manipur,2,8,3647
01-08-2022,Meghalaya,2,2,1734
01-08-2022,Mizoram,2,6,2062
01-08-2022,Odisha,2,2007,30540
01-08-2022,Puducherry,2,91,3810
01-08-2022,Punjab,2,645,32591
01-08-2022,Rajasthan,2,4159,60191
01-08-2022,Tamil Nadu,2,5306,120312
01-08-2022,Tripura,2,14,2643
01-08-2022,Uttar Pradesh,2,1920,131703
01-08-2022,Uttarakhand,2,494,12711
01-08-2022,West Bengal,2,663,62200
01-09-2022,Andhra Pradesh,2,2239,52804
01-09-2022,Assam,2,200,31729
01-09-2022,Bihar,2,951,54364
01-09-2022,Chandigarh,2,70,1929
01-09-2022,Chhattisgarh,2,1190,23465
01-09-2022,DNH and DD,2,8,629
01-09-2022,Delhi,2,2301,25409
01-09-2022,Goa,2,400,4078
01-09-2022,Gujarat,2,5333,77920
01-09-2022,Haryana,2,848,25832
01-09-2022,Himachal Pradesh,2,67,4101
01-09-2022,Jammu and Kashmir,2,220,8320
01-09-2022,Jharkhand,2,498,23758
01-09-2022,Karnataka,2,7616,87981
01-09-2022,Kerala,2,3100,53877
01-09-2022,Madhya Pradesh,2,1898,53245
01-09-2022,Maharashtra,2,10730,122642
01-09-2022,Mizoram,2,4,1568
01-09-2022,Odisha,2,2197,36139
01-09-2022,Puducherry,2,114,3772
01-09-2022,Punjab,2,590,27407
01-09-2022,Rajasthan,2,4677,53951
01-09-2022,Tamil Nadu,2,5112,121791
01-09-2022,Tripura,2,17,3842
01-09-2022,Uttar Pradesh,2,1787,97293
01-09-2022,Uttarakhand,2,386,9325
01-09-2022,West Bengal,2,727,64255
01-10-2022,Andhra Pradesh,2,2568,74374
01-10-2022,Assam,2,194,38033
01-10-2022,Bihar,2,1377,88895
01-10-2022,Chandigarh,2,118,3103
01-10-2022,Chhattisgarh,2,2471,57951
01-10-2022,DNH and DD,2,5,619
01-10-2022,Delhi,2,3699,50702
01-10-2022,Goa,2,704,6241
01-10-2022,Gujarat,2,6635,115540
01-10-2022,Haryana,2,1313,38921
01-10-2022,Himachal Pradesh,2,79,5548
01-10-2022,Jammu and Kashmir,2,258,9184
01-10-2022,Jharkhand,2,949,50073
01-10-2022,Karnataka,2,9706,117015
01-10-2022,Kerala,2,3629,44021
01-10-2022,Madhya Pradesh,2,3616,137210
01-10-2022,Maharashtra,2,15999,189870
01-10-2022,Manipur,2,4,2532
01-10-2022,Meghalaya,2,5,1558
01-10-2022,Mizoram,2,3,1638
01-10-2022,Odisha,2,3695,72161
01-10-2022,Puducherry,2,180,3564
01-10-2022,Punjab,2,707,37265
01-10-2022,Rajasthan,2,9455,133585
01-10-2022,Tamil Nadu,2,5530,111507
01-10-2022,Tripura,2,13,3431
01-10-2022,Uttar Pradesh,2,3003,258110
01-10-2022,Uttarakhand,2,797,19532
01-10-2022,West Bengal,2,538,50676
01-11-2022,Andaman & Nicobar Island,2,6,405
01-11-2022,Andhra Pradesh,2,2742,69695
01-11-2022,Assam,2,176,32542
01-11-2022,Bihar,2,1253,110759
01-11-2022,Chandigarh,2,163,1727
01-11-2022,Chhattisgarh,2,2725,42575
01-11-2022,DNH and DD,2,14,1290
01-11-2022,Delhi,2,3869,41689
01-11-2022,Goa,2,587,5285
01-11-2022,Gujarat,2,8322,165828
01-11-2022,Haryana,2,1369,58469
01-11-2022,Himachal Pradesh,2,134,9181
01-11-2022,Jammu and Kashmir,2,194,4656
01-11-2022,Jharkhand,2,953,40248
01-11-2022,Karnataka,2,9851,109695
01-11-2022,Kerala,2,3698,40561
01-11-2022,Madhya Pradesh,2,3426,130285
01-11-2022,Maharashtra,2,13718,204988
01-11-2022,Manipur,2,2,5529
01-11-2022,Meghalaya,2,3,1438
01-11-2022,Mizoram,2,8,1542
01-11-2022,Odisha,2,2997,38593
01-11-2022,Puducherry,2,153,3002
01-11-2022,Punjab,2,1042,46873
01-11-2022,Rajasthan,2,7306,158463
01-11-2022,Tamil Nadu,2,7258,120109
01-11-2022,Tripura,2,12,3427
01-11-2022,Uttar Pradesh,2,2746,279169
01-11-2022,Uttarakhand,2,839,25037
01-11-2022,West Bengal,2,1209,100516
01-12-2022,Andaman & Nicobar Island,2,10,397
01-12-2022,Andhra Pradesh,2,2718,47327
01-12-2022,Assam,2,250,34737
01-12-2022,Bihar,2,987,60432
01-12-2022,Chandigarh,2,123,1454
01-12-2022,Chhattisgarh,2,1883,26359
01-12-2022,DNH and DD,2,19,1112
01-12-2022,Delhi,2,3826,21773
01-12-2022,Goa,2,528,4983
01-12-2022,Gujarat,2,7906,107138
01-12-2022,Haryana,2,885,37571
01-12-2022,Himachal Pradesh,2,100,6751
01-12-2022,Jammu and Kashmir,2,150,3943
01-12-2022,Jharkhand,2,653,27130
01-12-2022,Karnataka,2,7750,75110
01-12-2022,Kerala,2,4112,40445
01-12-2022,Madhya Pradesh,2,2328,64980
01-12-2022,Maharashtra,2,13076,136534
01-12-2022,Manipur,2,63,4150
01-12-2022,Mizoram,2,11,1792
01-12-2022,Odisha,2,2379,38217
01-12-2022,Puducherry,2,177,2396
01-12-2022,Punjab,2,635,35992
01-12-2022,Rajasthan,2,5060,57108
01-12-2022,Tamil Nadu,2,4991,77848
01-12-2022,Tripura,2,57,3393
01-12-2022,Uttar Pradesh,2,2334,134747
01-12-2022,Uttarakhand,2,581,10627
01-12-2022,West Bengal,2,1047,69018
01-01-2023,Andhra Pradesh,2,2680,49537
01-01-2023,Assam,2,142,41897
01-01-2023,Bihar,2,987,63994
01-01-2023,Chandigarh,2,172,1977
01-01-2023,Chhattisgarh,2,1923,35000
01-01-2023,DNH and DD,2,9,698
01-01-2023,Delhi,2,3285,35973
01-01-2023,Goa,2,662,4457
01-01-2023,Gujarat,2,5873,70897
01-01-2023,Haryana,2,706,29990
01-01-2023,Himachal Pradesh,2,78,4421
01-01-2023,Jammu and Kashmir,2,115,3934
01-01-2023,Jharkhand,2,655,27267
01-01-2023,Karnataka,2,9969,94898
01-01-2023,Kerala,2,4667,43110
01-01-2023,Madhya Pradesh,2,2443,80312
01-01-2023,Maharashtra,2,13802,148279
01-01-2023,Manipur,2,7,3158
01-01-2023,Meghalaya,2,4,1372
01-01-2023,Mizoram,2,10,1599
01-01-2023,Odisha,2,2533,47973
01-01-2023,Puducherry,2,197,4395
01-01-2023,Punjab,2,590,33117
01-01-2023,Rajasthan,2,4624,62966
01-01-2023,Tamil Nadu,2,5505,135769
01-01-2023,Tripura,2,8,2766
01-01-2023,Uttar Pradesh,2,1952,171721
01-01-2023,Uttarakhand,2,447,12862
01-01-2023,West Bengal,2,632,52431
01-02-2023,Andhra Pradesh,2,2907,51810
01-02-2023,Assam,2,190,36795
01-02-2023,Bihar,2,911,77926
01-02-2023,Chandigarh,2,216,955
01-02-2023,Chhattisgarh,2,1874,30804
01-02-2023,DNH and DD,2,16,777
01-02-2023,Delhi,2,2800,29396
01-02-2023,Goa,2,628,3919
01-02-2023,Gujarat,2,6757,85424
01-02-2023,Haryana,2,702,31279
01-02-2023,Himachal Pradesh,2,65,4784
01-02-2023,Jammu and Kashmir,2,147,4868
01-02-2023,Jharkhand,2,652,31633
01-02-2023,Karnataka,2,10266,88323
01-02-2023,Kerala,2,5558,39985
01-02-2023,Madhya Pradesh,2,2358,75150
01-02-2023,Maharashtra,2,12070,129508
01-02-2023,Manipur,2,14,2990
01-02-2023,Meghalaya,2,2,1192
01-02-2023,Mizoram,2,9,1655
01-02-2023,Odisha,2,2552,49375
01-02-2023,Puducherry,2,177,3354
01-02-2023,Punjab,2,609,34555
01-02-2023,Rajasthan,2,4662,62207
01-02-2023,Tamil Nadu,2,6701,118355
01-02-2023,Tripura,2,20,2860
01-02-2023,Uttar Pradesh,2,1968,190812
01-02-2023,Uttarakhand,2,426,11079
01-02-2023,West Bengal,2,814,67188
01-03-2023,Andhra Pradesh,2,3515,54298
01-03-2023,Assam,2,221,41575
01-03-2023,Bihar,2,1302,92334
01-03-2023,Chandigarh,2,362,663
01-03-2023,Chhattisgarh,2,2188,33362
01-03-2023,DNH and DD,2,5,902
01-03-2023,Delhi,2,3782,30396
01-03-2023,Goa,2,837,5064
01-03-2023,Gujarat,2,7790,92417
01-03-2023,Haryana,2,714,33171
01-03-2023,Himachal Pradesh,2,91,4543
01-03-2023,Jammu and Kashmir,2,198,7789
01-03-2023,Jharkhand,2,797,39001
01-03-2023,Karnataka,2,13056,104953
01-03-2023,Kerala,2,6773,50705
01-03-2023,Madhya Pradesh,2,3213,100653
01-03-2023,Maharashtra,2,17077,154632
01-03-2023,Manipur,2,3,3985
01-03-2023,Mizoram,2,10,1615
01-03-2023,Odisha,2,3269,52642
01-03-2023,Puducherry,2,261,3608
01-03-2023,Punjab,2,805,36806
01-03-2023,Rajasthan,2,6375,85324
01-03-2023,Tamil Nadu,2,8388,119376
01-03-2023,Tripura,2,23,3016
01-03-2023,Uttar Pradesh,2,3559,206315
01-03-2023,Uttarakhand,2,587,13077
01-03-2023,West Bengal,2,1103,73690
01-04-2023,Andhra Pradesh,2,3515,48046
01-04-2023,Assam,2,178,35047
01-04-2023,Bihar,2,971,84319
01-04-2023,Chandigarh,2,126,2085
01-04-2023,Chhattisgarh,2,1559,27613
01-04-2023,DNH and DD,2,5,666
01-04-2023,Delhi,2,2738,28590
01-04-2023,Goa,2,698,3609
01-04-2023,Gujarat,2,8266,89782
01-04-2023,Haryana,2,802,34168
01-04-2023,Himachal Pradesh,2,96,4847
01-04-2023,Jammu and Kashmir,2,212,6299
01-04-2023,Jharkhand,2,682,36353
01-04-2023,Karnataka,2,9711,91491
01-04-2023,Kerala,2,4659,32903
01-04-2023,Madhya Pradesh,2,1958,64877
01-04-2023,Maharashtra,2,12260,130977
01-04-2023,Manipur,2,15,3425
01-04-2023,Meghalaya,2,3,1501
01-04-2023,Mizoram,2,8,1565
01-04-2023,Odisha,2,2848,43956
01-04-2023,Puducherry,2,157,3076
01-04-2023,Punjab,2,376,28269
01-04-2023,Rajasthan,2,3914,67999
01-04-2023,Tamil Nadu,2,6509,94801
01-04-2023,Tripura,2,19,2450
01-04-2023,Uttar Pradesh,2,3087,195568
01-04-2023,Uttarakhand,2,524,12580
01-04-2023,West Bengal,2,918,54194
01-05-2023,Andhra Pradesh,2,4370,54545
01-05-2023,Assam,2,282,35939
01-05-2023,Bihar,2,1536,125465
01-05-2023,Chandigarh,2,209,2356
01-05-2023,Chhattisgarh,2,2514,29232
01-05-2023,DNH and DD,2,4,829
01-05-2023,Delhi,2,4977,32282
01-05-2023,Goa,2,863,3933
01-05-2023,Gujarat,2,9609,87169
01-05-2023,Haryana,2,1053,34399
01-05-2023,Himachal Pradesh,2,118,5278
01-05-2023,Jammu and Kashmir,2,258,9084
01-05-2023,Jharkhand,2,839,41796
01-05-2023,Karnataka,2,17292,97074
01-05-2023,Kerala,2,7386,41347
01-05-2023,Ladakh,2,14,161
01-05-2023,Madhya Pradesh,2,3940,97067
01-05-2023,Maharashtra,2,20585,126680
01-05-2023,Manipur,2,10,572
01-05-2023,Meghalaya,2,7,2006
01-05-2023,Mizoram,2,14,1626
01-05-2023,Odisha,2,3727,44563
01-05-2023,Puducherry,2,382,3736
01-05-2023,Punjab,2,1181,32433
01-05-2023,Rajasthan,2,6897,79573
01-05-2023,Tamil Nadu,2,10330,109325
01-05-2023,Tripura,2,65,3305
01-05-2023,Uttar Pradesh,2,4704,300079
01-05-2023,Uttarakhand,2,682,14779
01-05-2023,West Bengal,2,1508,77494
01-06-2023,Andhra Pradesh,2,1004,45618
01-06-2023,Assam,2,177,31855
01-06-2023,Bihar,2,520,90944
01-06-2023,Chandigarh,2,135,2638
01-06-2023,Chhattisgarh,2,1245,30378
01-06-2023,DNH and DD,2,5,765
01-06-2023,Delhi,2,1787,28279
01-06-2023,Goa,2,531,3485
01-06-2023,Gujarat,2,4019,80898
01-06-2023,Haryana,2,408,33317
01-06-2023,Himachal Pradesh,2,59,5397
01-06-2023,Jammu and Kashmir,2,166,7915
01-06-2023,Jharkhand,2,390,36415
01-06-2023,Karnataka,2,7730,101825
01-06-2023,Kerala,2,4020,38025
01-06-2023,Ladakh,2,2,208
01-06-2023,Madhya Pradesh,2,1671,78536
01-06-2023,Maharashtra,2,8451,119809
01-06-2023,Manipur,2,4,270
01-06-2023,Mizoram,2,4,1795
01-06-2023,Odisha,2,2131,43202
01-06-2023,Puducherry,2,140,3591
01-06-2023,Punjab,2,534,30214
01-06-2023,Rajasthan,2,3261,69235
01-06-2023,Tamil Nadu,2,4720,121451
01-06-2023,Tripura,2,8,2709
01-06-2023,Uttar Pradesh,2,1932,219233
01-06-2023,Uttarakhand,2,324,13374
01-06-2023,West Bengal,2,462,64854
01-07-2023,Andhra Pradesh,2,1361,50877
01-07-2023,Assam,2,168,32074
01-07-2023,Bihar,2,614,69583
01-07-2023,Chandigarh,2,134,1813
01-07-2023,Chhattisgarh,2,1584,28753
01-07-2023,DNH and DD,2,5,856
01-07-2023,Delhi,2,2068,31269
01-07-2023,Goa,2,517,2877
01-07-2023,Gujarat,2,5300,98394
01-07-2023,Haryana,2,152,15523
01-07-2023,Himachal Pradesh,2,40,5450
01-07-2023,Jammu and Kashmir,2,116,8604
01-07-2023,Jharkhand,2,447,32370
01-07-2023,Karnataka,2,9632,95036
01-07-2023,Kerala,2,3937,34948
01-07-2023,Madhya Pradesh,2,1971,69937
01-07-2023,Maharashtra,2,9822,126943
01-07-2023,Manipur,2,6,1145
01-07-2023,Meghalaya,2,20,2030
01-07-2023,Mizoram,2,6,1721
01-07-2023,Odisha,2,2805,38394
01-07-2023,Puducherry,2,189,3909
01-07-2023,Punjab,2,445,33588
01-07-2023,Rajasthan,2,3763,76511
01-07-2023,Tamil Nadu,2,5839,119322
01-07-2023,Tripura,2,6,2942
01-07-2023,Uttar Pradesh,2,2326,158970
01-07-2023,Uttarakhand,2,408,13216
01-07-2023,West Bengal,2,509,67367
01-08-2023,Andhra Pradesh,2,1568,56399
01-08-2023,Assam,2,147,31641
01-08-2023,Bihar,2,713,58346
01-08-2023,Chandigarh,2,125,1789
01-08-2023,Chhattisgarh,2,2088,28699
01-08-2023,DNH and DD,2,6,606
01-08-2023,Delhi,2,2116,33120
01-08-2023,Goa,2,689,4098
01-08-2023,Gujarat,2,5755,87134
01-08-2023,Haryana,2,399,38102
01-08-2023,Himachal Pradesh,2,64,5345
01-08-2023,Jammu and Kashmir,2,98,8650
01-08-2023,Jharkhand,2,455,27909
01-08-2023,Karnataka,2,9720,101545
01-08-2023,Kerala,2,4798,49548
01-08-2023,Madhya Pradesh,2,3907,73963
01-08-2023,Maharashtra,2,12043,133378
01-08-2023,Manipur,2,8,846
01-08-2023,Meghalaya,2,15,2060
01-08-2023,Mizoram,2,4,1908
01-08-2023,Odisha,2,2737,36033
01-08-2023,Puducherry,2,197,4141
01-08-2023,Punjab,2,642,34784
01-08-2023,Rajasthan,2,4313,76171
01-08-2023,Tamil Nadu,2,6246,128997
01-08-2023,Tripura,2,33,3154
01-08-2023,Uttar Pradesh,2,2710,146984
01-08-2023,Uttarakhand,2,364,12790
01-08-2023,West Bengal,2,511,64154
01-09-2023,Andhra Pradesh,2,1388,53014
01-09-2023,Assam,2,257,32936
01-09-2023,Bihar,2,900,65102
01-09-2023,Chandigarh,2,134,1868
01-09-2023,Chhattisgarh,2,2178,30725
01-09-2023,DNH and DD,2,12,732
01-09-2023,Delhi,2,2002,31468
01-09-2023,Goa,2,560,5539
01-09-2023,Gujarat,2,7209,129851
01-09-2023,Haryana,2,321,44459
01-09-2023,Himachal Pradesh,2,68,5403
01-09-2023,Jammu and Kashmir,2,113,8372
01-09-2023,Jharkhand,2,524,31209
01-09-2023,Karnataka,2,10590,106981
01-09-2023,Kerala,2,4461,48967
01-09-2023,Madhya Pradesh,2,3283,74064
01-09-2023,Maharashtra,2,12444,134556
01-09-2023,Meghalaya,2,11,1991
01-09-2023,Mizoram,2,6,1561
01-09-2023,Odisha,2,3049,45630
01-09-2023,Puducherry,2,136,3350
01-09-2023,Punjab,2,676,35832
01-09-2023,Rajasthan,2,4336,81056
01-09-2023,Tamil Nadu,2,5178,116071
01-09-2023,Tripura,2,17,3157
01-09-2023,Uttar Pradesh,2,3141,143067
01-09-2023,Uttarakhand,2,262,12642
01-09-2023,West Bengal,2,489,58361
01-10-2023,Andhra Pradesh,2,1757,66154
01-10-2023,Assam,2,245,51372
01-10-2023,Bihar,2,820,65088
01-10-2023,Chandigarh,2,157,1964
01-10-2023,Chhattisgarh,2,2195,38600
01-10-2023,DNH and DD,2,4,1109
01-10-2023,Delhi,2,2611,35861
01-10-2023,Goa,2,567,5377
01-10-2023,Gujarat,2,8417,149414
01-10-2023,Haryana,2,591,37096
01-10-2023,Himachal Pradesh,2,53,4480
01-10-2023,Jammu and Kashmir,2,137,6736
01-10-2023,Jharkhand,2,502,33632
01-10-2023,Karnataka,2,11137,108712
01-10-2023,Kerala,2,5051,36841
01-10-2023,Madhya Pradesh,2,3262,99036
01-10-2023,Maharashtra,2,15716,167065
01-10-2023,Manipur,2,6,1035
01-10-2023,Mizoram,2,36,1958
01-10-2023,Odisha,2,3972,71596
01-10-2023,Puducherry,2,197,3765
01-10-2023,Punjab,2,760,34028
01-10-2023,Rajasthan,2,4906,103647
01-10-2023,Tamil Nadu,2,6507,131658
01-10-2023,Tripura,2,6,4285
01-10-2023,Uttar Pradesh,2,3775,162993
01-10-2023,Uttarakhand,2,383,13890
01-10-2023,West Bengal,2,851,65489
01-11-2023,Andaman & Nicobar Island,2,3,598
01-11-2023,Andhra Pradesh,2,1997,79246
01-11-2023,Assam,2,244,41326
01-11-2023,Bihar,2,1765,149828
01-11-2023,Chandigarh,2,241,2430
01-11-2023,Chhattisgarh,2,3880,76276
01-11-2023,DNH and DD,2,15,1185
01-11-2023,Delhi,2,3976,56736
01-11-2023,Goa,2,977,6217
01-11-2023,Gujarat,2,5424,152556
01-11-2023,Haryana,2,565,42364
01-11-2023,Himachal Pradesh,2,53,6131
01-11-2023,Jammu and Kashmir,2,172,8743
01-11-2023,Jharkhand,2,825,63696
01-11-2023,Karnataka,2,14300,136535
01-11-2023,Kerala,2,5352,36822
01-11-2023,Madhya Pradesh,2,4861,204532
01-11-2023,Maharashtra,2,19008,230768
01-11-2023,Manipur,2,10,812
01-11-2023,Meghalaya,2,6,1893
01-11-2023,Mizoram,2,35,1977
01-11-2023,Odisha,2,4345,63423
01-11-2023,Puducherry,2,194,3681
01-11-2023,Punjab,2,1184,48694
01-11-2023,Rajasthan,2,7743,191722
01-11-2023,Tamil Nadu,2,7096,121926
01-11-2023,Tripura,2,11,4893
01-11-2023,Uttar Pradesh,2,5327,387983
01-11-2023,Uttarakhand,2,626,24522
01-11-2023,West Bengal,2,1007,97240
01-12-2023,Andaman & Nicobar Island,2,7,430
01-12-2023,Andhra Pradesh,2,2372,60868
01-12-2023,Arunachal Pradesh,2,2,1377
01-12-2023,Assam,2,204,38490
01-12-2023,Bihar,2,1354,91064
01-12-2023,Chandigarh,2,137,1162
01-12-2023,Chhattisgarh,2,1865,31773
01-12-2023,DNH and DD,2,13,1447
01-12-2023,Delhi,2,5380,27097
01-12-2023,Goa,2,799,4299
01-12-2023,Gujarat,2,4080,85848
01-12-2023,Haryana,2,1019,60574
01-12-2023,Himachal Pradesh,2,102,9988
01-12-2023,Jammu and Kashmir,2,96,3661
01-12-2023,Jharkhand,2,632,32673
01-12-2023,Karnataka,2,10237,91996
01-12-2023,Kerala,2,4866,35712
01-12-2023,Madhya Pradesh,2,3359,88017
01-12-2023,Maharashtra,2,14495,174125
01-12-2023,Manipur,2,6,976
01-12-2023,Mizoram,2,24,1974
01-12-2023,Odisha,2,4383,48402
01-12-2023,Puducherry,2,224,2836
01-12-2023,Punjab,2,951,45523
01-12-2023,Rajasthan,2,4676,99479
01-12-2023,Tamil Nadu,2,5403,82736
01-12-2023,Tripura,2,40,3663
01-12-2023,Uttar Pradesh,2,5487,211546
01-12-2023,Uttarakhand,2,655,19337
01-12-2023,West Bengal,2,2625,90092
01-01-2024,Uttar Pradesh,2,5668,181667
01-01-2024,Maharashtra,2,16367,172830
01-01-2024,Karnataka,2,12415,115920
01-01-2024,Tamil Nadu,2,7580,153753
01-01-2024,Bihar,2,1288,71556
01-01-2024,Kerala,2,6457,42509
01-01-2024,Rajasthan,2,4432,78862
01-01-2024,Delhi,2,3073,38413
01-01-2024,Madhya Pradesh,2,3684,92100
01-01-2024,Gujarat,2,5424,91933
01-01-2024,Odisha,2,3883,53485
01-01-2024,Assam,2,253,44386
01-01-2024,Haryana,2,1259,42824
01-01-2024,Chhattisgarh,2,2367,42881
01-01-2024,West Bengal,2,1636,72390
01-01-2024,Punjab,2,821,33511
01-01-2024,Andhra Pradesh,2,2134,53619
01-01-2024,Jharkhand,2,551,30612
01-01-2024,Uttarakhand,2,382,11682
01-01-2024,Jammu and Kashmir,2,219,4582
01-01-2024,Goa,2,832,5079
01-01-2024,Chandigarh,2,118,1450
01-01-2024,Tripura,2,3,3000
01-01-2024,Puducherry,2,310,5141
01-01-2024,Himachal Pradesh,2,79,6031
01-01-2024,DNH and DD,2,31,866
01-01-2024,Manipur,2,7,1556
01-01-2024,Mizoram,2,28,1872
01-01-2024,Meghalaya,2,26,1625
01-01-2024,Ladakh,2,14,37
01-01-2024,Andaman & Nicobar,2,2,483
01-02-2024,Uttar Pradesh,2,6557,206846
01-02-2024,Maharashtra,2,15193,147649
01-02-2024,Karnataka,2,12605,108852
01-02-2024,Tamil Nadu,2,8647,143638
01-02-2024,Rajasthan,2,5145,81152
01-02-2024,Bihar,2,1301,83398
01-02-2024,Madhya Pradesh,2,4006,87659
01-02-2024,Kerala,2,5389,38356
01-02-2024,Gujarat,2,5103,88441
01-02-2024,Delhi,2,2364,30504
01-02-2024,Assam,2,246,39048
01-02-2024,Odisha,2,3733,57255
01-02-2024,Chhattisgarh,2,2198,40110
01-02-2024,Punjab,2,1017,34359
01-02-2024,Andhra Pradesh,2,2830,56600
01-02-2024,Haryana,2,1075,38121
01-02-2024,West Bengal,2,1341,74089
01-02-2024,Jharkhand,2,710,34467
01-02-2024,Uttarakhand,2,586,13692
01-02-2024,Jammu and Kashmir,2,233,5055
01-02-2024,Goa,2,990,4759
01-02-2024,Tripura,2,24,3334
01-02-2024,Chandigarh,2,126,1416
01-02-2024,Puducherry,2,384,4556
01-02-2024,Himachal Pradesh,2,66,4926
01-02-2024,Mizoram,2,51,2146
01-02-2024,Manipur,2,3,1723
01-02-2024,DNH and DD,2,24,1052
01-02-2024,Meghalaya,2,11,1890
01-02-2024,Andaman & Nicobar Island,2,5,473
01-03-2024,Maharashtra,2,26668,152563
01-03-2024,Uttar Pradesh,2,7799,210216
01-03-2024,Karnataka,2,22742,123800
01-03-2024,Tamil Nadu,2,13350,124071
01-03-2024,Rajasthan,2,7933,89538
01-03-2024,Delhi,2,5002,31599
01-03-2024,Kerala,2,8393,42909
01-03-2024,Gujarat,2,8496,94822
01-03-2024,Bihar,2,2584,102949
01-03-2024,Madhya Pradesh,2,5772,95405
01-03-2024,Andhra Pradesh,2,7057,69119
01-03-2024,Assam,2,767,42612
01-03-2024,Chhattisgarh,2,3610,46046
01-03-2024,Punjab,2,1514,35877
01-03-2024,West Bengal,2,2159,69871
01-03-2024,Haryana,2,1387,41778
01-03-2024,Jharkhand,2,824,38149
01-03-2024,Goa,2,1745,5018
01-03-2024,Uttarakhand,2,579,12506
01-03-2024,Jammu and Kashmir,2,297,6600
01-03-2024,Tripura,2,41,3728
01-03-2024,Chandigarh,2,215,1525
01-03-2024,Puducherry,2,477,4337
01-03-2024,Meghalaya,2,4,2223
01-03-2024,Himachal Pradesh,2,90,4737
01-03-2024,Mizoram,2,58,1932
01-03-2024,DNH and DD,2,25,780
01-03-2024,Manipur,2,13,1394
01-03-2024,Andaman & Nicobar Island,2,2,447
01-03-2024,Nagaland,2,2,1180
